cell,class,index,support_pixels,predicted_pixels,present,in_macro,iou,precision,recall,f1
convnext_upernet_10ch,asfalt,1,818756115,834656051,True,True,0.5847095644868506,0.7309103327880864,0.7451043367169233,0.7379390868713374
convnext_upernet_10ch,fliser,2,231902162,190783528,True,True,0.23945572920376376,0.428026721468323,0.3521331896853985,0.3863885148323805
convnext_upernet_10ch,grus,3,206716845,139893361,True,True,0.2519705258840174,0.4986546573857783,0.3374590783832832,0.4025183032261895
convnext_upernet_10ch,ubefestet,4,10667088919,10900073766,True,True,0.9664220159837353,0.9724195116057163,0.9936585781262671,0.9829243246142834
convnext_upernet_10ch,green_roof,5,1430413,116110,True,True,0.0024170433641821265,0.032116096804754114,0.0026069393944266445,0.004822430704231363
convnext_upernet_10ch,drivhus,6,531496,419905,True,True,0.19742969481559047,0.3735725938009788,0.2951386275719855,0.32975580223270734
convnext_upernet_10ch,betonflade,7,89260373,51279112,True,True,0.10041007847156849,0.2500809491396809,0.14366878121829044,0.18249574487909928
convnext_upernet_10ch,brosten,8,120321684,5894654,True,True,0.0174673630337304,0.3675903623859857,0.018008541170351305,0.03433498442967027
convnext_upernet_10ch,unknown2,9,0,0,False,False,,,,
convnext_upernet_10ch,solceller,10,58625774,71517294,True,True,0.7416925772014069,0.774929865215538,0.9453331396528769,0.8516917243721348
convnext_upernet_10ch_unw,asfalt,1,818756115,873919242,True,True,0.5709083693793778,0.7039112819992125,0.7513368178019654,0.726851267085588
convnext_upernet_10ch_unw,fliser,2,231902162,136279818,True,True,0.22326727023452697,0.49309964590648336,0.2897753493130435,0.3650343235157788
convnext_upernet_10ch_unw,grus,3,206716845,121388188,True,True,0.2694344855937085,0.5736927385389425,0.3368836342292279,0.42449529873563385
convnext_upernet_10ch_unw,ubefestet,4,10667088919,10949874511,True,True,0.9612472576637136,0.9675831801868218,0.9932339068748697,0.9802407665913325
convnext_upernet_10ch_unw,green_roof,5,1430413,4462,True,True,0.0006681000364735198,0.21470192738682206,0.0006697366424941607,0.0013353079536544995
convnext_upernet_10ch_unw,drivhus,6,531496,139418,True,True,0.11694460676345875,0.5038445537878896,0.13216468233062903,0.20940090682263302
convnext_upernet_10ch_unw,betonflade,7,89260373,39277042,True,True,0.08639151638110451,0.26024088066509693,0.11451321181460893,0.15904306150858877
convnext_upernet_10ch_unw,brosten,8,120321684,8552306,True,True,0.02582411355326336,0.3793451731030204,0.026963352673820624,0.05034803376538586
convnext_upernet_10ch_unw,unknown2,9,0,0,False,False,,,,
convnext_upernet_10ch_unw,solceller,10,58625774,65198794,True,True,0.721307972311735,0.795846683912589,0.8850756324342942,0.8380928734594899
convnext_upernet_6ch,asfalt,1,818756115,829854054,True,True,0.528788615551776,0.6871489875254619,0.6964630401569581,0.6917746641656194
convnext_upernet_6ch,fliser,2,231902162,165150100,True,True,0.20319029885719178,0.4060107017797749,0.2891422288680517,0.3377525551031869
convnext_upernet_6ch,grus,3,206716845,163696713,True,True,0.20184735996635159,0.3800324445121876,0.3009433604697285,0.3358951672065956
convnext_upernet_6ch,ubefestet,4,10667088919,10894168552,True,True,0.9558735169739846,0.9672520492686425,0.987842787944796,0.977438989462731
convnext_upernet_6ch,green_roof,5,1430413,68245,True,True,0.0,0.0,0.0,0.0
convnext_upernet_6ch,drivhus,6,531496,353567,True,True,0.19828028556303656,0.4142128648884087,0.27554675858331956,0.33094141321013304
convnext_upernet_6ch,betonflade,7,89260373,72628548,True,True,0.1363251943063053,0.26741345565658287,0.21758648711898168,0.2399404589273901
convnext_upernet_6ch,brosten,8,120321684,9329036,True,True,0.015909946857352336,0.21764649637969025,0.016875029774350566,0.03132156921303638
convnext_upernet_6ch,unknown2,9,0,0,False,False,,,,
convnext_upernet_6ch,solceller,10,58625774,59384966,True,True,0.7966939576895766,0.8811755487070583,0.8925865951040578,0.8868443668771164
convnext_upernet_6ch_corrected,asfalt,1,818756115,679555229,True,True,0.5210626862830215,0.755301192745292,0.6268886003984226,0.6851297990306079
convnext_upernet_6ch_corrected,fliser,2,231902162,201932068,True,True,0.24190053752416713,0.4184740583154925,0.3643921698323796,0.389565074198963
convnext_upernet_6ch_corrected,grus,3,206716845,126457521,True,True,0.20490973106877164,0.4480587754049045,0.2740966852507835,0.3401246181106262
convnext_upernet_6ch_corrected,ubefestet,4,10667088919,11115719884,True,True,0.9479034855015324,0.9536147743573348,0.9937214163574931,0.9732550843066774
convnext_upernet_6ch_corrected,green_roof,5,1430413,18754,True,True,0.00133495942262314,0.10301802282179802,0.0013506588656562826,0.002666359363689623
convnext_upernet_6ch_corrected,drivhus,6,531496,436242,True,True,0.20770544974872177,0.38151989033609784,0.31314440748378164,0.3439670654660662
convnext_upernet_6ch_corrected,betonflade,7,89260373,6378580,True,True,0.008391864862454908,0.12477855572870451,0.008916722765655484,0.01664405506404906
convnext_upernet_6ch_corrected,brosten,8,120321684,14682426,True,True,0.021516693639687407,0.19367752985780415,0.023633778263941186,0.04212695450531099
convnext_upernet_6ch_corrected,unknown2,9,0,0,False,False,,,,
convnext_upernet_6ch_corrected,solceller,10,58625774,49453077,True,True,0.6446351887834688,0.8566271417246696,0.7225976752136356,0.783924840207637
convnext_upernet_6ch_unw,asfalt,1,818756115,791051082,True,True,0.5345064153162623,0.7088487036542603,0.6848627127505484,0.6966493068796984
convnext_upernet_6ch_unw,fliser,2,231902162,225853358,True,True,0.20715772104313615,0.3478116672500393,0.3387395456882373,0.3432156667384371
convnext_upernet_6ch_unw,grus,3,206716845,154335236,True,True,0.21005114738245192,0.4060935507948425,0.303190308462767,0.3471773037641071
convnext_upernet_6ch_unw,ubefestet,4,10667088919,10908824860,True,True,0.9556391474765781,0.9664879386467664,0.9883903408005331,0.977316442769791
convnext_upernet_6ch_unw,green_roof,5,1430413,134465,True,True,0.0030658389392953633,0.03557059457851486,0.003343789520928571,0.006112936599530443
convnext_upernet_6ch_unw,drivhus,6,531496,222137,True,True,0.11328542200621912,0.3452283950895168,0.1442870689525415,0.20351550423083914
convnext_upernet_6ch_unw,betonflade,7,89260373,45360634,True,True,0.08533596153266608,0.2333466723591209,0.11858289008046158,0.1572526195707331
convnext_upernet_6ch_unw,brosten,8,120321684,9193897,True,True,0.009210403291416088,0.1285639810844085,0.009823698943575291,0.018252691929012
convnext_upernet_6ch_unw,unknown2,9,0,0,False,False,,,,
convnext_upernet_6ch_unw,solceller,10,58625774,59658112,True,True,0.7686752543187124,0.8616896558845174,0.8768631012018707,0.8692101644344015
convnext_upernet_rgb,asfalt,1,818756115,885659949,True,True,0.5754756822938513,0.7029491100991403,0.7603898909506159,0.7305421324637316
convnext_upernet_rgb,fliser,2,231902162,197245777,True,True,0.24247727353681545,0.4246018711974756,0.3611476722670658,0.3903126096569696
convnext_upernet_rgb,grus,3,206716845,91371191,True,True,0.215909024393146,0.5793019267965983,0.2560580246858934,0.3551400969343164
convnext_upernet_rgb,ubefestet,4,10667088919,10887215150,True,True,0.9581740302860081,0.9687468627824444,0.9887379397591763,0.9786403204888369
convnext_upernet_rgb,green_roof,5,1430413,90007,True,True,0.008268167687035132,0.1385225593564945,0.008716363735508556,0.016400731376856395
convnext_upernet_rgb,drivhus,6,531496,489050,True,True,0.2414465089007885,0.4058562519169819,0.3734440146304017,0.38897609710880254
convnext_upernet_rgb,betonflade,7,89260373,50149873,True,True,0.15258688082637284,0.36801742249676284,0.20676618727551138,0.2647728919436811
convnext_upernet_rgb,brosten,8,120321684,25836959,True,True,0.08094663730472003,0.423621177709033,0.09096517465629886,0.14976990447290894
convnext_upernet_rgb,unknown2,9,0,0,False,False,,,,
convnext_upernet_rgb,solceller,10,58625774,56575825,True,True,0.752492726571574,0.8743266050472971,0.8437543016489641,0.8587684446984108
convnext_upernet_rgb_ndsm,asfalt,1,818756115,945162720,True,True,0.5768722596493924,0.6827396990435679,0.7881469208935313,0.7316664442783163
convnext_upernet_rgb_ndsm,fliser,2,231902162,184758824,True,True,0.2622169312329115,0.4684943708020138,0.3732542562496679,0.4154863157742347
convnext_upernet_rgb_ndsm,grus,3,206716845,81712945,True,True,0.20119779034751686,0.5912320012453351,0.23370764970798583,0.3349952721596476
convnext_upernet_rgb_ndsm,ubefestet,4,10667088919,10827834346,True,True,0.9584182631770601,0.9715025088914488,0.9861423592582317,0.9787676934979744
convnext_upernet_rgb_ndsm,green_roof,5,1430413,173390,True,True,0.006061575520343257,0.05572985754657132,0.006755391624656655,0.012050108398600077
convnext_upernet_rgb_ndsm,drivhus,6,531496,429368,True,True,0.2315942879775026,0.420816176333588,0.33995552177250626,0.37608860359010227
convnext_upernet_rgb_ndsm,betonflade,7,89260373,54262177,True,True,0.14524879214187522,0.33545603966460835,0.20392671897080242,0.2536545650840234
convnext_upernet_rgb_ndsm,brosten,8,120321684,40277760,True,True,0.11293471338824347,0.4046098889312613,0.13544341683249714,0.20294939501783082
convnext_upernet_rgb_ndsm,unknown2,9,0,0,False,False,,,,
convnext_upernet_rgb_ndsm,solceller,10,58625774,60022251,True,True,0.7684011838603408,0.8589254341694049,0.8793852000998742,0.8690349122962645
convnext_upernet_rgb_unw,asfalt,1,818756115,896970392,True,True,0.5662414559799555,0.6915329854053868,0.7575938690851793,0.7230576790290272
convnext_upernet_rgb_unw,fliser,2,231902162,201819769,True,True,0.25019797211251155,0.4300833928711909,0.3742928925345681,0.40025336417678176
convnext_upernet_rgb_unw,grus,3,206716845,84340947,True,True,0.20345248353071507,0.5834112581164165,0.23803313174598809,0.3381146930435039
convnext_upernet_rgb_unw,ubefestet,4,10667088919,10883520990,True,True,0.9533407707054588,0.9664075144123006,0.9860156363059562,0.9761131134954553
convnext_upernet_rgb_unw,green_roof,5,1430413,151271,True,True,0.012375595977595275,0.12781696425620245,0.013517075138439038,0.02444862564203722
convnext_upernet_rgb_unw,drivhus,6,531496,128557,True,True,0.10495566302897598,0.48769028524312175,0.1179613769435706,0.1899726234105443
convnext_upernet_rgb_unw,betonflade,7,89260373,39253337,True,True,0.12022592991104472,0.3513705853848808,0.1545194976946825,0.2146458615193663
convnext_upernet_rgb_unw,brosten,8,120321684,35440387,True,True,0.09148263085384305,0.3683706952748569,0.10850247075996709,0.16763002592588797
convnext_upernet_rgb_unw,unknown2,9,0,0,False,False,,,,
convnext_upernet_rgb_unw,solceller,10,58625774,53008131,True,True,0.6999459715369895,0.8671276299102113,0.7840376657543148,0.823492020636562
segformer_b1_10ch,asfalt,1,818756115,885292786,True,True,0.53298768475769,0.6692272809280522,0.7236124080734346,0.6953580776377027
segformer_b1_10ch,fliser,2,231902162,153844377,True,True,0.15730381727195936,0.34080996668471025,0.2260940413311024,0.27184532691296553
segformer_b1_10ch,grus,3,206716845,187704067,True,True,0.233124498743413,0.3972530493971662,0.36071570751769166,0.3781037502392875
segformer_b1_10ch,ubefestet,4,10667088919,10852188164,True,True,0.959549641052481,0.9710051642816317,0.9878544025475186,0.9793573185899016
segformer_b1_10ch,green_roof,5,1430413,1927,True,True,0.0,0.0,0.0,0.0
segformer_b1_10ch,drivhus,6,531496,1085770,True,True,0.08954051453963874,0.1224108236551019,0.250067733341361,0.16436380904563627
segformer_b1_10ch,betonflade,7,89260373,59153585,True,True,0.011588641541390686,0.028742349259136196,0.019047791789980534,0.022911766829909624
segformer_b1_10ch,brosten,8,120321684,3219405,True,True,0.0031464123617924045,0.12036137112292489,0.003220466894396192,0.00627308700508541
segformer_b1_10ch,unknown2,9,0,0,False,False,,,,
segformer_b1_10ch,solceller,10,58625774,52143700,True,True,0.6442110241837175,0.8323171543254506,0.7402903712623052,0.7836111237650185
segformer_b1_10ch_unw,asfalt,1,818756115,832067741,True,True,0.5161950941446605,0.6754618684345798,0.6864437659803005,0.680908540250705
segformer_b1_10ch_unw,fliser,2,231902162,173899491,True,True,0.15415965522746472,0.31168818659739495,0.2337296751894879,0.267137487485789
segformer_b1_10ch_unw,grus,3,206716845,184780802,True,True,0.2670356499468015,0.44653213486972526,0.3991477617607796,0.4215124490901474
segformer_b1_10ch_unw,ubefestet,4,10667088919,10819422243,True,True,0.9598291666113423,0.9726073774233418,0.9864968758492825,0.9795028903166517
segformer_b1_10ch_unw,green_roof,5,1430413,0,True,True,0.0,,0.0,0.0
segformer_b1_10ch_unw,drivhus,6,531496,595,True,True,0.0003948251582590843,0.35294117647058826,0.0003951111579391002,0.000789338665754542
segformer_b1_10ch_unw,betonflade,7,89260373,75093967,True,True,0.008358553237376496,0.018142296304575305,0.015262954368339913,0.016578533916414985
segformer_b1_10ch_unw,brosten,8,120321684,11231604,True,True,0.01704581065721249,0.19630757993248338,0.01832461886088629,0.0335202416225431
segformer_b1_10ch_unw,unknown2,9,0,0,False,False,,,,
segformer_b1_10ch_unw,solceller,10,58625774,98137338,True,True,0.33882822760622155,0.4042633090373819,0.676721555949095,0.5061563845453643
segformer_b1_6ch,asfalt,1,818756115,626570993,True,True,0.42431527295496396,0.6871924758891608,0.5258890457263944,0.5958165035675785
segformer_b1_6ch,fliser,2,231902162,233254643,True,True,0.15948782870291753,0.2743029213785039,0.2759026886519497,0.2751004792889142
segformer_b1_6ch,grus,3,206716845,155502412,True,True,0.19221357470089298,0.3755470879770019,0.28250468896233394,0.3224482236735415
segformer_b1_6ch,ubefestet,4,10667088919,11073446713,True,True,0.944501272877901,0.9536340194424522,0.9899622641366302,0.971458631631565
segformer_b1_6ch,green_roof,5,1430413,18530,True,True,0.0,0.0,0.0,0.0
segformer_b1_6ch,drivhus,6,531496,1822673,True,True,0.061846063219959106,0.07522797561603206,0.2579812453903698,0.11648781374659169
segformer_b1_6ch,betonflade,7,89260373,35139467,True,True,0.020598962407222594,0.07145207979392516,0.02812880918613235,0.04036641847770865
segformer_b1_6ch,brosten,8,120321684,26980650,True,True,0.03422308623455578,0.18066006563963433,0.04051078606911785,0.06618124598080027
segformer_b1_6ch,unknown2,9,0,0,False,False,,,,
segformer_b1_6ch,solceller,10,58625774,41897700,True,True,0.5811671879131654,0.8818619399155562,0.6302345279057637,0.7351116217889565
segformer_b1_6ch_corrected,asfalt,1,818756115,576569719,True,True,0.44790238690772316,0.7486311573015509,0.5271875813715297,0.6186914131197832
segformer_b1_6ch_corrected,fliser,2,231902162,307761326,True,True,0.1661191535728073,0.2497961683463763,0.3315087679087701,0.284909398947516
segformer_b1_6ch_corrected,grus,3,206716845,217690081,True,True,0.14063983249359263,0.24038293228436072,0.2531432791556005,0.24659814340541653
segformer_b1_6ch_corrected,ubefestet,4,10667088919,11012942366,True,True,0.94975930226469,0.9589348295877571,0.990025872212381,0.9742323590009524
segformer_b1_6ch_corrected,green_roof,5,1430413,5237,True,True,0.0,0.0,0.0,0.0
segformer_b1_6ch_corrected,drivhus,6,531496,1726022,True,True,0.05607861372484261,0.06945218542984968,0.22554450080527416,0.1062015895332839
segformer_b1_6ch_corrected,betonflade,7,89260373,11665886,True,True,0.0014733903529165072,0.012728137408508878,0.0016635041397373503,0.0029424453352620552
segformer_b1_6ch_corrected,brosten,8,120321684,21109616,True,True,0.041835671207640125,0.26903743772506333,0.047200777209866845,0.08031145863751518
segformer_b1_6ch_corrected,unknown2,9,0,0,False,False,,,,
segformer_b1_6ch_corrected,solceller,10,58625774,45163528,True,True,0.5704153070569921,0.8347210829056578,0.6430439451426262,0.7264515373655756
segformer_b1_6ch_unw,asfalt,1,818756115,641777020,True,True,0.4695101402642723,0.7271092021961147,0.5699401426760642,0.6390022462585212
segformer_b1_6ch_unw,fliser,2,231902162,229556220,True,True,0.17432158038149595,0.298406024458845,0.29538732372835746,0.2968890009240313
segformer_b1_6ch_unw,grus,3,206716845,137526078,True,True,0.1490791455922721,0.32474832155105887,0.2160509125417428,0.259475852754132
segformer_b1_6ch_unw,ubefestet,4,10667088919,11074127329,True,True,0.9464009130943639,0.9545906451984593,0.991016239976278,0.9724624631312853
segformer_b1_6ch_unw,green_roof,5,1430413,0,True,True,0.0,,0.0,0.0
segformer_b1_6ch_unw,drivhus,6,531496,843,True,True,0.000407801218517558,0.25741399762752076,0.00040828152987040355,0.000815269968948358
segformer_b1_6ch_unw,betonflade,7,89260373,48457803,True,True,0.011673591137163578,0.03279378968130272,0.017803140930186343,0.02307778168656547
segformer_b1_6ch_unw,brosten,8,120321684,15349633,True,True,0.01589899059393145,0.13832767206877195,0.017646686194983774,0.03130033741767245
segformer_b1_6ch_unw,unknown2,9,0,0,False,False,,,,
segformer_b1_6ch_unw,solceller,10,58625774,47838855,True,True,0.5402097559900827,0.7805614912815116,0.6369411515146904,0.7014755670636865
segformer_b1_rgb,asfalt,1,818756115,856229758,True,True,0.4852347695774886,0.6391129774305274,0.6683645349018248,0.6534115407431857
segformer_b1_rgb,fliser,2,231902162,259712595,True,True,0.18755653149566875,0.29895773826448424,0.334809685819143,0.3158696475012446
segformer_b1_rgb,grus,3,206716845,173950897,True,True,0.2429371368774038,0.4277245204432605,0.3599274360055176,0.390908163686746
segformer_b1_rgb,ubefestet,4,10667088919,10745298625,True,True,0.9581432212315895,0.975062790030184,0.9822118233530401,0.9786242506091641
segformer_b1_rgb,green_roof,5,1430413,271274,True,True,0.0065068262232017065,0.040553093919800644,0.007690785808014888,0.012929522291702293
segformer_b1_rgb,drivhus,6,531496,1864485,True,True,0.09383198954368674,0.11023633872088003,0.38670846064692865,0.1715656342850799
segformer_b1_rgb,betonflade,7,89260373,27646248,True,True,0.0580190104297752,0.23188879011719782,0.07182196068125325,0.10967479763186382
segformer_b1_rgb,brosten,8,120321684,86461853,True,True,0.0789196164058176,0.17493926483393782,0.12570945233778477,0.14629378353268035
segformer_b1_rgb,unknown2,9,0,0,False,False,,,,
segformer_b1_rgb,solceller,10,58625774,43198046,True,True,0.5668786648958822,0.8527859338822872,0.6283701431387498,0.7235769783533951
segformer_b1_rgb_unw,asfalt,1,818756115,927074388,True,True,0.45185114123135933,0.5860852441109612,0.663622059176926,0.62244830533815
segformer_b1_rgb_unw,fliser,2,231902162,269242011,True,True,0.20519183536730828,0.3169011057490579,0.3679271045347132,0.3405131520904664
segformer_b1_rgb_unw,grus,3,206716845,171908095,True,True,0.2453027452571398,0.43385075030934406,0.36079525110786204,0.393964834963064
segformer_b1_rgb_unw,ubefestet,4,10667088919,10713941124,True,True,0.949106122149489,0.9717591922059176,0.97602737270292,0.9738886060270618
segformer_b1_rgb_unw,green_roof,5,1430413,0,True,True,0.0,,0.0,0.0
segformer_b1_rgb_unw,drivhus,6,531496,7658,True,True,0.0026761388467868665,0.18790806999216506,0.0027074521727350723,0.005337992484522047
segformer_b1_rgb_unw,betonflade,7,89260373,12552510,True,True,0.006959663619917781,0.05605938573241527,0.007883520719771135,0.013823122953899656
segformer_b1_rgb_unw,brosten,8,120321684,58226888,True,True,0.0470841838431337,0.13788792902687844,0.0667276648155955,0.08993390325182775
segformer_b1_rgb_unw,unknown2,9,0,0,False,False,,,,
segformer_b1_rgb_unw,solceller,10,58625774,41681107,True,True,0.5677457425259762,0.8715047083562344,0.6196128173932509,0.7242829332914857
swin_upernet_10ch,asfalt,1,818756115,909026412,True,True,0.5519892703729311,0.676012143198321,0.750544492727239,0.7113312970782231
swin_upernet_10ch,fliser,2,231902162,138556671,True,True,0.17608343964631798,0.4003067308105288,0.23917486375137806,0.2994403861332684
swin_upernet_10ch,grus,3,206716845,172380738,True,True,0.2510254175566502,0.441279593547163,0.36798211582611956,0.4013114586383422
swin_upernet_10ch,ubefestet,4,10667088919,10845599561,True,True,0.9593881005774948,0.9712141120235852,0.987467098754387,0.9792731723692026
swin_upernet_10ch,green_roof,5,1430413,16448,True,True,0.0,0.0,0.0,0.0
swin_upernet_10ch,drivhus,6,531496,433927,True,True,0.12879192676940993,0.25384914974177686,0.20724897271098935,0.22819427339104206
swin_upernet_10ch,betonflade,7,89260373,60386652,True,True,0.06733314988484733,0.1563349463388035,0.10576411102382464,0.12617082097021307
swin_upernet_10ch,brosten,8,120321684,5877675,True,True,0.017857694189925853,0.3766950367279579,0.018401429620948456,0.03508878361260139
swin_upernet_10ch,unknown2,9,0,0,False,False,,,,
swin_upernet_10ch,solceller,10,58625774,62355697,True,True,0.6683499034125684,0.7772477469059483,0.8266982539113258,0.8012107077124232
swin_upernet_10ch_unw,asfalt,1,818756115,795501403,True,True,0.5311185871484531,0.7039057931114673,0.6839131161786803,0.6937654491382087
swin_upernet_10ch_unw,fliser,2,231902162,157550359,True,True,0.1810978087649227,0.3790202851902102,0.2574998934248832,0.30666013842544876
swin_upernet_10ch_unw,grus,3,206716845,150644117,True,True,0.2147592264022353,0.41938853808675447,0.30562780696464287,0.3535831986035453
swin_upernet_10ch_unw,ubefestet,4,10667088919,10942144922,True,True,0.9559357334709743,0.9651860177583563,0.9900738020650224,0.977471516177666
swin_upernet_10ch_unw,green_roof,5,1430413,621,True,True,0.0,0.0,0.0,0.0
swin_upernet_10ch_unw,drivhus,6,531496,159369,True,True,0.020103359173126615,0.08543066719374533,0.025616373406384996,0.039414357363594915
swin_upernet_10ch_unw,betonflade,7,89260373,66393643,True,True,0.05228923182048919,0.11649598742457919,0.0866520353886489,0.09938186239923293
swin_upernet_10ch_unw,brosten,8,120321684,29648674,True,True,0.021407532452904436,0.1060150953125256,0.026123362768094235,0.04191771016509809
swin_upernet_10ch_unw,unknown2,9,0,0,False,False,,,,
swin_upernet_10ch_unw,solceller,10,58625774,52590673,True,True,0.73475401674988,0.8957036735392224,0.8034974344219319,0.8470987928610955
swin_upernet_6ch,asfalt,1,818756115,830418880,True,True,0.514524040623071,0.6746818497190237,0.6842923499875173,0.6794531177087123
swin_upernet_6ch,fliser,2,231902162,168126014,True,True,0.15955070760424084,0.32738943064456405,0.2373530264888173,0.2751940153335599
swin_upernet_6ch,grus,3,206716845,133806807,True,True,0.17397806713796585,0.37714086548676107,0.2441214454487248,0.29639066011191495
swin_upernet_6ch,ubefestet,4,10667088919,10955790648,True,True,0.9510196458827521,0.9620500147950618,0.9880876249401405,0.9748949969721672
swin_upernet_6ch,green_roof,5,1430413,370264,True,True,0.0034779730232786235,0.01685554091134974,0.004363075559296511,0.006931837303414216
swin_upernet_6ch,drivhus,6,531496,407764,True,True,0.08801694010149697,0.18634062840270352,0.1429606243508888,0.1617933266614143
swin_upernet_6ch,betonflade,7,89260373,37060211,True,True,0.032791569398677715,0.10822204978811373,0.04493295137809922,0.06350084638620733
swin_upernet_6ch,brosten,8,120321684,7023700,True,True,0.01246634937966876,0.2232420234349417,0.01303160783554193,0.024625706103332336
swin_upernet_6ch,unknown2,9,0,0,False,False,,,,
swin_upernet_6ch,solceller,10,58625774,61629493,True,True,0.7243464618820693,0.8196667624703646,0.8616627731004456,0.840140282587373
swin_upernet_6ch_corrected,asfalt,1,818756115,687093256,True,True,0.5271594811542635,0.7565253325670831,0.6348697059807609,0.6903790830749698
swin_upernet_6ch_corrected,fliser,2,231902162,206685268,True,True,0.16333888497424479,0.297940814049698,0.26554291891422727,0.2808104965525346
swin_upernet_6ch_corrected,grus,3,206716845,168924845,True,True,0.16212866549684812,0.3102314700954735,0.25351491311702246,0.27902016413566877
swin_upernet_6ch_corrected,ubefestet,4,10667088919,11040528473,True,True,0.9539357770144096,0.9599113976217359,0.9935165252183458,0.97642490427399
swin_upernet_6ch_corrected,green_roof,5,1430413,165233,True,True,0.0,0.0,0.0,0.0
swin_upernet_6ch_corrected,drivhus,6,531496,602227,True,True,0.0907139668588229,0.1565705290529983,0.17740679139636045,0.16633869119705608
swin_upernet_6ch_corrected,betonflade,7,89260373,17506172,True,True,0.007691729489223163,0.04655221027189725,0.009130042510577453,0.01526603675336689
swin_upernet_6ch_corrected,brosten,8,120321684,21763068,True,True,0.058892817025282325,0.36310955789873006,0.06567708942637472,0.11123470870399943
swin_upernet_6ch_corrected,unknown2,9,0,0,False,False,,,,
swin_upernet_6ch_corrected,solceller,10,58625774,51365239,True,True,0.6959613132568354,0.8787332226761371,0.7699061167192437,0.8207278170990207
swin_upernet_6ch_unw,asfalt,1,818756115,852725567,True,True,0.5398567418401244,0.6872117040675056,0.7157234972223688,0.7011778786577214
swin_upernet_6ch_unw,fliser,2,231902162,145053549,True,True,0.15703003144351443,0.3526956103638664,0.2206091981151948,0.2714363969405414
swin_upernet_6ch_unw,grus,3,206716845,158229645,True,True,0.17987430297798515,0.35162093045206544,0.2691452406793457,0.3049041792400853
swin_upernet_6ch_unw,ubefestet,4,10667088919,10927497707,True,True,0.9555974884616091,0.965649899815623,0.9892236903739267,0.977294657105885
swin_upernet_6ch_unw,green_roof,5,1430413,7546,True,True,0.0010714136533882847,0.20394911211237743,0.0010759130404994922,0.0021405339095203688
swin_upernet_6ch_unw,drivhus,6,531496,40062,True,True,0.01264840481982357,0.17819879187259746,0.013431897888224935,0.024980841839323392
swin_upernet_6ch_unw,betonflade,7,89260373,50455903,True,True,0.10204950703661432,0.25641582512159183,0.14494328855202074,0.1851994967286417
swin_upernet_6ch_unw,brosten,8,120321684,9019247,True,True,0.02934824699172673,0.40887027486884436,0.030648690056565366,0.057022969782087
swin_upernet_6ch_unw,unknown2,9,0,0,False,False,,,,
swin_upernet_6ch_unw,solceller,10,58625774,51604555,True,True,0.6957727924151692,0.8764211415058225,0.7714580109424227,0.8205967161723703
swin_upernet_rgb,asfalt,1,818756115,1043438730,True,True,0.49467308499569596,0.5906500355799521,0.7527359023144518,0.6619147557569358
swin_upernet_rgb,fliser,2,231902162,220342630,True,True,0.20244376717269336,0.34555300987375887,0.3283283706514129,0.33672055641936505
swin_upernet_rgb,grus,3,206716845,105277907,True,True,0.2183341981438819,0.5310866409986665,0.2704747646472642,0.35841429794306284
swin_upernet_rgb,ubefestet,4,10667088919,10730550124,True,True,0.9434721814107448,0.9680429810179972,0.9738021131048941,0.9709140068327491
swin_upernet_rgb,green_roof,5,1430413,120391,True,True,0.020314120142533067,0.25646435364769793,0.02158537429399761,0.039819345320233894
swin_upernet_rgb,drivhus,6,531496,522572,True,True,0.11304608600524597,0.20486363601570692,0.20142390535394433,0.20312920988019748
swin_upernet_rgb,betonflade,7,89260373,20820559,True,True,0.030183223853428552,0.1549069359761186,0.03613304416731487,0.05859777786038367
swin_upernet_rgb,brosten,8,120321684,27910258,True,True,0.07440270645910876,0.3677897208975997,0.08531384916454461,0.13850059388684255
swin_upernet_rgb,unknown2,9,0,0,False,False,,,,
swin_upernet_rgb,solceller,10,58625774,45650610,True,True,0.586677895119967,0.844598549723651,0.6576704471313248,0.7395047185372289
swin_upernet_rgb_unw,asfalt,1,818756115,997957625,True,True,0.5401231524261352,0.6384277328408609,0.7781606907448868,0.7014025489783547
swin_upernet_rgb_unw,fliser,2,231902162,186793840,True,True,0.2046897965652536,0.3808528643128703,0.30677147805116195,0.33982158253328626
swin_upernet_rgb_unw,grus,3,206716845,96493913,True,True,0.20696852308319041,0.5388315841228244,0.2515226468360621,0.34295595804684476
swin_upernet_rgb_unw,ubefestet,4,10667088919,10783274545,True,True,0.9537667882024125,0.9710765473235013,0.9816534851742525,0.9763363713229433
swin_upernet_rgb_unw,green_roof,5,1430413,124443,True,True,0.008515120695738808,0.10549408162773317,0.009177768938061945,0.016886451221206338
swin_upernet_rgb_unw,drivhus,6,531496,70952,True,True,0.036466111084348954,0.29873717442778214,0.03987988620798651,0.07036623907789552
swin_upernet_rgb_unw,betonflade,7,89260373,30614578,True,True,0.08700000688244706,0.31339344282321974,0.10748787706724013,0.1600736087057921
swin_upernet_rgb_unw,brosten,8,120321684,45407795,True,True,0.09083455911916369,0.3039216064114102,0.11469595123020386,0.1665414032949443
swin_upernet_rgb_unw,unknown2,9,0,0,False,False,,,,
swin_upernet_rgb_unw,solceller,10,58625774,53896090,True,True,0.7365683899754376,0.8855250353040452,0.8140845526406184,0.8483033484052486
unet_resnet34_10ch,asfalt,1,818756115,771232443,True,True,0.5119837585529804,0.6981002068659086,0.6575798557547262,0.6772344685011249
unet_resnet34_10ch,fliser,2,231902162,95413096,True,True,0.08144427514978841,0.2583536960167397,0.10629623194284839,0.15062130711914445
unet_resnet34_10ch,grus,3,206716845,401556363,True,True,0.12354783381269699,0.1665696005917854,0.32356861386888913,0.2199244751217121
unet_resnet34_10ch,ubefestet,4,10667088919,10876728987,True,True,0.9377774192055736,0.9585620753685512,0.9774006751204058,0.9678897172721025
unet_resnet34_10ch,green_roof,5,1430413,15087,True,True,7.610402728675306e-05,0.007291045270762908,7.69008670922314e-05,0.0001521964718090626
unet_resnet34_10ch,drivhus,6,531496,1839268,True,True,0.04230940018377423,0.052321901974046195,0.18106251034814938,0.08118395588932513
unet_resnet34_10ch,betonflade,7,89260373,7293223,True,True,0.0002220399870459754,0.002938892722737259,0.00024012895397602696,0.0004439813924693183
unet_resnet34_10ch,brosten,8,120321684,2127165,True,True,0.0003839075710762495,0.022090905030874426,0.0003905447333998417,0.0007675204852272641
unet_resnet34_10ch,unknown2,9,0,0,False,False,,,,
unet_resnet34_10ch,solceller,10,58625774,38428149,True,True,0.5730001141169101,0.9200037191486897,0.6030460254563121,0.7285442753303233
unet_resnet34_10ch_unw,asfalt,1,818756115,751182284,True,True,0.4975317876328007,0.6943557856857018,0.6370490008492944,0.6644690840509851
unet_resnet34_10ch_unw,fliser,2,231902162,88828906,True,True,0.09359250453995542,0.3090098058845845,0.11836458428533322,0.17116522681238974
unet_resnet34_10ch_unw,grus,3,206716845,431717414,True,True,0.11616877298446292,0.1539133003330739,0.32143994844735563,0.2081562856732599
unet_resnet34_10ch_unw,ubefestet,4,10667088919,10872717099,True,True,0.9458292003234244,0.9629676575474375,0.9815306683485986,0.9721605577367368
unet_resnet34_10ch_unw,green_roof,5,1430413,36353,True,True,1.7044590694607978e-05,0.0006877011525871317,1.7477469793688955e-05,3.4088600362975415e-05
unet_resnet34_10ch_unw,drivhus,6,531496,3,True,True,0.0,0.0,0.0,0.0
unet_resnet34_10ch_unw,betonflade,7,89260373,5737577,True,True,0.0004493694294830156,0.007436937229774869,0.00047803967836880984,0.0008983351746011362
unet_resnet34_10ch_unw,brosten,8,120321684,7263115,True,True,0.0019942060399726303,0.034960757195776196,0.0021103760482607606,0.003980474194265102
unet_resnet34_10ch_unw,unknown2,9,0,0,False,False,,,,
unet_resnet34_10ch_unw,solceller,10,58625774,37149083,True,True,0.5249444180613938,0.8874884744799757,0.5623701104568786,0.6884767888507524
unet_resnet34_6ch,asfalt,1,818756115,694235841,True,True,0.4143335057249585,0.6384513544583763,0.5413526749659757,0.5859063708069047
unet_resnet34_6ch,fliser,2,231902162,237661839,True,True,0.09741145802410764,0.17537831557383515,0.1797341285675465,0.17752950784657787
unet_resnet34_6ch,grus,3,206716845,470969691,True,True,0.11771831387214647,0.15154707694342903,0.3452746194921851,0.21064039554712358
unet_resnet34_6ch,ubefestet,4,10667088919,10733658325,True,True,0.937492765878692,0.9647371589872179,0.97075773124527,0.9677380812862237
unet_resnet34_6ch,green_roof,5,1430413,29323,True,True,0.0,0.0,0.0,0.0
unet_resnet34_6ch,drivhus,6,531496,870065,True,True,0.07388612628627034,0.11083194933711848,0.18143316224393033,0.13760514169558086
unet_resnet34_6ch,betonflade,7,89260373,14809170,True,True,5.52833987691588e-05,0.000388475518884583,6.445189289092485e-05,0.00011056068536786021
unet_resnet34_6ch,brosten,8,120321684,3525467,True,True,0.0002365086777015792,0.00830641727748409,0.00024338090214894267,0.00047290550914651236
unet_resnet34_6ch,unknown2,9,0,0,False,False,,,,
unet_resnet34_6ch,solceller,10,58625774,38874060,True,True,0.5881600980823284,0.92884928921754,0.6159090198109793,0.7406811174673384
unet_resnet34_6ch_corrected,asfalt,1,818756115,599288441,True,True,0.3854391638255317,0.6582977277881453,0.4818409435635177,0.5564144191813392
unet_resnet34_6ch_corrected,fliser,2,231902162,215090954,True,True,0.08247168571894203,0.15833138663748733,0.1468535209257773,0.1523766151244262
unet_resnet34_6ch_corrected,grus,3,206716845,669093833,True,True,0.060889578231786146,0.07512699044709324,0.24316840748996532,0.11478966233841693
unet_resnet34_6ch_corrected,ubefestet,4,10667088919,10636507787,True,True,0.9231654456446867,0.9614279925125955,0.9586717057158151,0.9600478708010706
unet_resnet34_6ch_corrected,green_roof,5,1430413,13152,True,True,0.0,0.0,0.0,0.0
unet_resnet34_6ch_corrected,drivhus,6,531496,14697960,True,True,0.003984570124333724,0.004112271362828583,0.11372051718169092,0.00793751267280985
unet_resnet34_6ch_corrected,betonflade,7,89260373,26007815,True,True,0.00024185980191168514,0.0010716778783607928,0.0003122550249705992,0.000483602639784708
unet_resnet34_6ch_corrected,brosten,8,120321684,10800069,True,True,0.0067450247079582065,0.0813415173551206,0.007301210977067109,0.013399668322006036
unet_resnet34_6ch_corrected,unknown2,9,0,0,False,False,,,,
unet_resnet34_6ch_corrected,solceller,10,58625774,23133770,True,True,0.3597301625721475,0.9350098146562363,0.3689555041098477,0.5291199275768955
unet_resnet34_6ch_unw,asfalt,1,818756115,716449649,True,True,0.4397330270832366,0.6544674265029893,0.5726894119135831,0.6108535663366621
unet_resnet34_6ch_unw,fliser,2,231902162,271740406,True,True,0.1153923166617278,0.1917420885872968,0.22468127313103706,0.2069089322886623
unet_resnet34_6ch_unw,grus,3,206716845,395082285,True,True,0.11326871005701065,0.15497939119188803,0.29620039914986124,0.20348853611669396
unet_resnet34_6ch_unw,ubefestet,4,10667088919,10754554548,True,True,0.941866180418328,0.9661182031878983,0.9740399648767566,0.9700629115600806
unet_resnet34_6ch_unw,green_roof,5,1430413,21652,True,True,0.0,0.0,0.0,0.0
unet_resnet34_6ch_unw,drivhus,6,531496,17,True,True,0.0,0.0,0.0,0.0
unet_resnet34_6ch_unw,betonflade,7,89260373,8104978,True,True,0.0008180950466317979,0.009819767555198793,0.0008916498702061216,0.0016348526284263075
unet_resnet34_6ch_unw,brosten,8,120321684,11615004,True,True,0.010421030665738512,0.11715329585766823,0.011309150227651402,0.02062710563114939
unet_resnet34_6ch_unw,unknown2,9,0,0,False,False,,,,
unet_resnet34_6ch_unw,solceller,10,58625774,37065242,True,True,0.5667345877948529,0.9338747066591391,0.5904278892761399,0.723459598338887
unet_resnet34_rgb,asfalt,1,818756115,998810065,True,True,0.49898583342299707,0.605756398740335,0.7389692448281745,0.6657645753509784
unet_resnet34_rgb,fliser,2,231902162,267934129,True,True,0.15688927386006532,0.25298874858902354,0.2922970593090029,0.27122608430207
unet_resnet34_rgb,grus,3,206716845,434723950,True,True,0.13614883184086454,0.1768160576384163,0.3718428220012743,0.23966724785566532
unet_resnet34_rgb,ubefestet,4,10667088919,10414075371,True,True,0.9289722539853827,0.9748788272909457,0.9517555972479655,0.9631784511841115
unet_resnet34_rgb,green_roof,5,1430413,144619,True,True,0.000623868365045583,0.006790255775520506,0.0006865150134961022,0.0012469587919483542
unet_resnet34_rgb,drivhus,6,531496,1015688,True,True,0.08493003138700259,0.11924528004662849,0.22787753811881933,0.15656314956721373
unet_resnet34_rgb,betonflade,7,89260373,6911048,True,True,0.030085948514607913,0.40643618739155046,0.0314686114968397,0.058414443101553006
unet_resnet34_rgb,brosten,8,120321684,33651991,True,True,0.009993117622354135,0.045270813248464256,0.012661499983660469,0.019788486570837514
unet_resnet34_rgb,unknown2,9,0,0,False,False,,,,
unet_resnet34_rgb,solceller,10,58625774,37366920,True,True,0.5784258735924365,0.9414004418881727,0.600030201733456,0.7329148403731642
unet_resnet34_rgb_unw,asfalt,1,818756115,1068641152,True,True,0.5001073968450815,0.5888061711102812,0.7685102968666072,0.666762123694439
unet_resnet34_rgb_unw,fliser,2,231902162,190180739,True,True,0.15263190851407576,0.29389075515160346,0.24101698974242422,0.26484067877461825
unet_resnet34_rgb_unw,grus,3,206716845,394634954,True,True,0.14753318819303457,0.19591042105205916,0.3740048373900056,0.2571310175792789
unet_resnet34_rgb_unw,ubefestet,4,10667088919,10459685191,True,True,0.933220091012861,0.9750286011260891,0.9560707984569862,0.9654566444360966
unet_resnet34_rgb_unw,green_roof,5,1430413,41153,True,True,0.0017610871224163177,0.06286297475275193,0.001808568574250933,0.00351598229369257
unet_resnet34_rgb_unw,drivhus,6,531496,0,True,True,0.0,,0.0,0.0
unet_resnet34_rgb_unw,betonflade,7,89260373,6899552,True,True,0.025504988014934334,0.34662554902115383,0.026793087678448308,0.04974132415348702
unet_resnet34_rgb_unw,brosten,8,120321684,39178852,True,True,0.008471894166117815,0.03420008324899362,0.011136147329852863,0.01680144824090121
unet_resnet34_rgb_unw,unknown2,9,0,0,False,False,,,,
unet_resnet34_rgb_unw,solceller,10,58625774,35372188,True,True,0.5648974113421862,0.9592685926016224,0.5787800601148566,0.7219609506001843
