cell,model_dir,macro_iou,macro_f1,macro_precision,macro_recall,freq_weighted_iou,overall_accuracy,n_macro_classes,evaluated_pixels,worst1_mean_iou,worst1_classes,worst2_mean_iou,worst2_classes,worst3_mean_iou,worst3_classes,binary_sealed_iou,binary_unsealed_iou,binary_macro_iou,binary_overall_accuracy,binary_sealed_precision,binary_sealed_recall
convnext_upernet_10ch,convnext_upernet,0.3446638436049828,0.43476343512911486,0.4920334545105379,0.425901245768867,0.8979290559077524,0.9374200568295032,9,12194633781,0.0024170433641821265,green_roof,0.009942203198956263,green_roof|brosten,0.04009816162316034,green_roof|brosten|betonflade,0.769134702604366,0.9664220159837353,0.8677783592940507,0.9698003338506325,0.9477471030958731,0.8031944164269004
convnext_upernet_10ch_unw,convnext_upernet,0.33066596576859575,0.4172046488264539,0.543585118387431,0.39229070267943933,0.8923422042263561,0.935849365216784,9,12194633781,0.0006681000364735198,green_roof,0.01324610679486844,green_roof|brosten,0.03762790999028046,green_roof|brosten|betonflade,0.7329940290733954,0.9612472576637136,0.8471206433685545,0.9649735585610203,0.942017289013642,0.7676270479315062
convnext_upernet_6ch,convnext_upernet,0.3374343528628417,0.4257676871295344,0.46898806096864526,0.40855403200224927,0.8839197109474081,0.9275252146253854,9,12194633781,0.0,green_roof,0.007954973428676168,green_roof|brosten,0.050745047054552544,green_roof|brosten|betonflade,0.706471244248262,0.9558735169739846,0.8311723806111233,0.9601100151315811,0.9002802542443062,0.7664476482000697
convnext_upernet_6ch_corrected,convnext_upernet,0.31104006631493875,0.3974893166948475,0.4705633268102331,0.369860234936861,0.8756058030550136,0.926695979719147,9,12194633781,0.00133495942262314,green_roof,0.004863412142539024,green_roof|betonflade,0.01041450597492182,green_roof|betonflade|brosten,0.6346363017977122,0.9479034855015324,0.7912698936496223,0.9522265780619263,0.9379244162242911,0.6624615172840665
convnext_upernet_6ch_unw,convnext_upernet,0.32076970125630416,0.40207807076850555,0.4481823510379985,0.3853426062668293,0.883735739256312,0.9273314288961508,9,12194633781,0.0030658389392953633,green_roof,0.006138121115355726,green_roof|brosten,0.032537401254459176,green_roof|brosten|betonflade,0.7036317149542922,0.9556391474765781,0.8296354312154351,0.9598660784908076,0.9036861037612913,0.7606766144194592
convnext_upernet_ortorgb,convnext_upernet,0.3574001520930216,0.45918204220081116,0.5654453391372678,0.42590801708189274,0.9037200930061018,0.9409307580747266,9,12194633781,0.018719160062558853,green_roof,0.01984330701673479,green_roof|betonflade,0.04943899919914487,green_roof|betonflade|brosten,0.7878103660663959,0.9685825640259071,0.8781964650461516,0.971864451269166,0.9344097044724915,0.8339263675255647
convnext_upernet_rgb,convnext_upernet,0.35864188131114566,0.45925813657161263,0.542882643044692,0.43221995217882625,0.8906032167160614,0.9336311235306625,9,12194633781,0.008268167687035132,green_roof,0.04460740249587758,green_roof|brosten,0.080600561939376,green_roof|brosten|betonflade,0.7205807479671426,0.9581740302860081,0.8393773891265753,0.9622462605053936,0.9081140537915434,0.7772506474510338
convnext_upernet_rgb_dsm_dtm_corrected,convnext_upernet,0.35086823540900053,0.43683929533884314,0.5180321916439968,0.41970605969597014,0.8992704313846143,0.937482046718956,9,12194633781,0.0,green_roof,0.025378974180963566,green_roof|betonflade,0.04508285113247415,green_roof|betonflade|brosten,0.7618780289261526,0.9652053130671358,0.8635416709966441,0.9686908536281857,0.9415386974062119,0.7997090235376668
convnext_upernet_rgb_ndsm,convnext_upernet,0.3625495330327985,0.4638548122329993,0.5321673307364221,0.4385241594899726,0.8913743289372447,0.9336633363881418,9,12194633781,0.006061575520343257,green_roof,0.05949814445429336,green_roof|brosten,0.08808169368348732,green_roof|brosten|betonflade,0.7275897194228325,0.9584182631770601,0.8430039912999463,0.9625747843521895,0.8918490290420701,0.7979986574037522
convnext_upernet_rgb_unw,convnext_upernet,0.33357983040412104,0.42863644520879624,0.5415345900971742,0.3927192906625184,0.8853000624319611,0.9304994793430771,9,12194633781,0.012375595977595275,green_roof,0.05192911341571916,green_roof|brosten,0.06960462995347143,green_roof|brosten|drivhus,0.6929852342975121,0.9533407707054588,0.8231630025014854,0.9577865984133075,0.88622454755687,0.7606587334388873
segformer_b1_10ch,segformer_b1,0.2923835816057869,0.3668693622250563,0.38690301773935265,0.36787810252864334,0.8852980965171435,0.9268512248076013,9,12194633781,0.0,green_roof,0.0015732061808962023,green_roof|brosten,0.004911684634394364,green_roof|brosten|betonflade,0.7319324309002078,0.959549641052481,0.8457410359763444,0.9635728641812831,0.9034909374656627,0.7940110167448555
segformer_b1_10ch_unw,segformer_b1,0.2513163313988154,0.3229006517659301,0.42224299113375885,0.33516914656845676,0.8835716775285366,0.9237697392398635,9,12194633781,0.0,green_roof,0.00019741257912954215,green_roof|drivhus,0.0029177927985451937,green_roof|drivhus|betonflade,0.7365304971161579,0.9598291666113423,0.8481798318637501,0.9638848214789206,0.8952604584677357,0.8059812465265587
segformer_b1_6ch,segformer_b1,0.268705916556842,0.346996770906184,0.38887539618358524,0.3367904506698547,0.8642547229536672,0.914946827873092,9,12194633781,0.0,green_roof,0.010299481203611297,green_roof|betonflade,0.018274016213926124,green_roof|betonflade|brosten,0.6203978369425837,0.944501272877901,0.7824495549102424,0.9491165829869541,0.9044999500475865,0.6638846898887347
segformer_b1_6ch_corrected,segformer_b1,0.2638026286201338,0.33781537170503384,0.3759648812210139,0.33547980310508735,0.8695728013717038,0.9155818398905964,9,12194633781,0.0,green_roof,0.0007366951764582536,green_roof|betonflade,0.014436353853518878,green_roof|betonflade|brosten,0.6581004555633039,0.94975930226469,0.8039298789139969,0.9541894186383522,0.9099638817296477,0.7039377590469745
segformer_b1_6ch_unw,segformer_b1,0.2563891020302333,0.32494427991164915,0.43924389300794814,0.3050215421213526,0.8680560087116739,0.9177902863666161,9,12194633781,0.0,green_roof,0.000203900609258779,green_roof|drivhus,0.004027130785227045,green_roof|drivhus|betonflade,0.6312008095571588,0.9464009130943639,0.7888008613257613,0.9509046721080865,0.9144756669370789,0.6707992089072929
segformer_b1_ortorgb,segformer_b1,0.3103476498159518,0.4000401646796996,0.45741044064083536,0.38727508235500047,0.8926362327552693,0.931940283250397,9,12194633781,0.0015104654794976607,betonflade,0.004424306306695464,betonflade|green_roof,0.04055779492767952,betonflade|green_roof|brosten,0.7632028132567548,0.9636002820541673,0.8634015476554611,0.9674222144646133,0.8950401606917543,0.8382233850229139
segformer_b1_rgb,segformer_b1,0.2975586407422794,0.38920603540389576,0.41680682751584,0.3961793647435841,0.8823199981723593,0.921323789772609,9,12194633781,0.0065068262232017065,green_roof,0.03226291832648845,green_roof|betonflade,0.047815151019598164,green_roof|betonflade|brosten,0.7334724765918852,0.9581432212315895,0.8458078489117373,0.9624666194803542,0.8690792387016382,0.8245827178855059
segformer_b1_rgb_dsm_dtm_corrected,segformer_b1,0.2925815519403373,0.37361340711263613,0.3984991713662514,0.3734177514824471,0.8894462719197317,0.9280970676326372,9,12194633781,1.2849052542988112e-06,green_roof,0.0023232100675372714,green_roof|betonflade,0.023792047571923807,green_roof|betonflade|drivhus,0.751382856654302,0.9626134964651512,0.8569981765597265,0.9664089889572388,0.9115751294474103,0.8104534484041883
segformer_b1_rgb_unw,segformer_b1,0.27510195253790126,0.3515769833778308,0.44524454818537174,0.34058924918041933,0.8718605692184275,0.915130403209605,9,12194633781,0.0,green_roof,0.0013380694233934333,green_roof|drivhus,0.003211934155568216,green_roof|drivhus|betonflade,0.6869286828794418,0.949106122149489,0.8180174025144653,0.9542185104508961,0.8272982946250945,0.8019237539093631
swin_upernet_10ch,swin_upernet,0.31342432249001617,0.39800232221170184,0.45032660658823165,0.38925348203624577,0.8877640859920257,0.9298906654882841,9,12194633781,0.0,green_roof,0.008928847094962927,green_roof|brosten,0.02839694802492439,green_roof|brosten|betonflade,0.7315912932731805,0.9593881005774948,0.8454896969253376,0.9634355738755579,0.9008997918525744,0.7956196104177005
swin_upernet_10ch_unw,swin_upernet,0.3012739439981095,0.37325478057043227,0.40790511751298447,0.35322264717980983,0.8830629055183955,0.9268054952670497,9,12194633781,0.0,green_roof,0.010051679586563307,green_roof|drivhus,0.013836963875343685,green_roof|drivhus|brosten,0.7019622985664353,0.9559357334709743,0.8289490160187047,0.9600788934097799,0.9154614148947092,0.7506196718168792
swin_upernet_6ch,swin_upernet,0.2955746394481357,0.3692138654631217,0.41062101840587606,0.35786727545438574,0.8762697971446172,0.9235185398963642,9,12194633781,0.0034779730232786235,green_roof,0.007972161201473692,green_roof|brosten,0.01624529726720837,green_roof|brosten|betonflade,0.6719222400048191,0.9510196458827521,0.8114709429437856,0.9554851365978876,0.8974282048992881,0.7278167709879018
swin_upernet_6ch_corrected,swin_upernet,0.2955358483633255,0.3711335446434007,0.4188416149148615,0.35217378925365694,0.8796777745826583,0.9254616838583355,9,12194633781,0.0,green_roof,0.0038458647446115816,green_roof|betonflade,0.022194848838168496,green_roof|betonflade|brosten,0.6794904095050605,0.9539357770144096,0.8167130932597351,0.9580340691495506,0.9400749641123737,0.7102544304849359
swin_upernet_6ch_unw,swin_upernet,0.29702765884888394,0.37163929670846396,0.4756703655755882,0.3506954918745077,0.8825596500448623,0.9271945561511405,9,12194633781,0.0010714136533882847,green_roof,0.0068599092366059275,green_roof|drivhus,0.014356021821646194,green_roof|drivhus|brosten,0.701483424884658,0.9555974884616091,0.8285404566731336,0.9597927659981116,0.9092821557537001,0.7542719364009094
swin_upernet_ortorgb,swin_upernet,0.3478753007832526,0.4441454667509663,0.4981829224355309,0.41759668037299036,0.9000567365995978,0.9378194756302211,9,12194633781,0.005629679284323915,green_roof,0.01505744050749228,green_roof|betonflade,0.0568146095764079,green_roof|betonflade|drivhus,0.7760495823510172,0.9664914609592694,0.8712705216551433,0.9699775553268006,0.9220535930638131,0.8305359479517532
swin_upernet_rgb,swin_upernet,0.29817191814481103,0.3897239180485555,0.47377287374790544,0.3697186412032388,0.869835779485235,0.9174672670721673,9,12194633781,0.020314120142533067,green_roof,0.02524867199798081,green_roof|betonflade,0.041633350151690125,green_roof|betonflade|brosten,0.6555774402687053,0.9434721814107448,0.799524810839725,0.9489634872045364,0.8091262151149058,0.7755114088426688
swin_upernet_rgb_dsm_dtm_corrected,swin_upernet,0.2990359515244204,0.38146594816467955,0.42427987266564826,0.37131507099134764,0.8718658061220476,0.9158614327066851,9,12194633781,0.0004941624151022561,green_roof,0.007292714492366097,green_roof|betonflade,0.03534483213886099,green_roof|betonflade|drivhus,0.6794332805450618,0.9467065449393456,0.8130699127422036,0.9521153192062389,0.8080330663378128,0.8102140472519883
swin_upernet_rgb_unw,swin_upernet,0.3183258275593475,0.40252083462072397,0.4929177854660275,0.37815937076560824,0.8830363277308446,0.9268666412607213,9,12194633781,0.008515120695738808,green_roof,0.02249061589004388,green_roof|drivhus,0.04399374622084495,green_roof|drivhus|betonflade,0.7054439000796917,0.9537667882024125,0.829605344141052,0.9583756720278995,0.861336575403259,0.7958229975703326
unet_resnet34_10ch,unet_resnet34,0.2523049836230148,0.31408465528702645,0.3429146714433439,0.31662905411619996,0.8610879870260444,0.9095372486118614,9,12194633781,7.610402728675306e-05,green_roof,0.00014907200716636422,green_roof|betonflade,0.0002273505284696593,green_roof|betonflade|brosten,0.6088586119705145,0.9377774192055736,0.773318015588044,0.943271926289592,0.8170816214513292,0.7049454407447707
unet_resnet34_10ch_unw,unet_resnet34,0.24228081151135417,0.3010378712325948,0.3389800466121013,0.2914844672870982,0.867051464287433,0.9117801270361905,9,12194633781,0.0,drivhus,8.522295347303989e-06,drivhus|green_roof,0.00015547134005920786,drivhus|green_roof|betonflade,0.6522831817433975,0.9458292003234244,0.799056191033411,0.9508260652374567,0.8509631591329527,0.7364109342930709
unet_resnet34_6ch,unet_resnet34,0.24769933999388602,0.3134093423160293,0.3309433374793206,0.3149743521245474,0.8545590841205132,0.8977464573029805,9,12194633781,0.0,green_roof,2.76416993845794e-05,green_roof|betonflade,9.726402549024599e-05,green_roof|betonflade|brosten,0.6246596096916347,0.937492765878692,0.7810761877851633,0.9433825418295274,0.786492045626809,0.7522172366810658
unet_resnet34_6ch_corrected,unet_resnet34,0.20251861006969976,0.25939658651741654,0.3194132642930964,0.25786934055429467,0.8378033939691685,0.879703852174255,9,12194633781,0.0,green_roof,0.00012092990095584257,green_roof|betonflade,0.0014088099754151363,green_roof|betonflade|drivhus,0.5676055935069357,0.9231654456446867,0.7453855195758112,0.9302050341744494,0.7170622968247585,0.7314177356055943
unet_resnet34_6ch_unw,unet_resnet34,0.24313710530305846,0.3041150558778402,0.33646165328245314,0.2966933042716928,0.8603563683020851,0.9027292146445476,9,12194633781,0.0,drivhus,0.0,drivhus|green_roof,0.000272698348877266,drivhus|green_roof|betonflade,0.6446024756513901,0.941866180418328,0.793234328034859,0.9474111608009756,0.8077064118040789,0.7614579832876948
unet_resnet34_ortorgb,unet_resnet34,0.29615716542841247,0.3782840995414809,0.4083545051586326,0.3756369707749412,0.8847697012653011,0.9242212191365847,9,12194633781,0.0018550509451896833,green_roof,0.002868921201902793,green_roof|betonflade,0.009324199354854915,green_roof|betonflade|brosten,0.7305641252178203,0.9565768616817939,0.8435704934498072,0.9611509498761552,0.8477156237553033,0.8409266476914771
unet_resnet34_rgb,unet_resnet34,0.2694505591767507,0.3454182485663936,0.39217589006767306,0.3586210099702988,0.8545028340741023,0.897261824381145,9,12194633781,0.000623868365045583,green_roof,0.005308492993699859,green_roof|brosten,0.013567644834002544,green_roof|brosten|betonflade,0.6198943842637646,0.9289722539853827,0.7744333191245737,0.9363456800802471,0.7109741915178172,0.8287357756174365
unet_resnet34_rgb_dsm_dtm_corrected,unet_resnet34,0.20957188533010548,0.2702209120204042,0.31375106799784597,0.2755087850408253,0.8483652052445873,0.8937309279415088,9,12194633781,0.0005609790605546123,green_roof,0.0007046346995663447,green_roof|betonflade,0.002245786434458897,green_roof|betonflade|drivhus,0.6116133617646164,0.9301869250047832,0.7709001433846998,0.9371018478476111,0.729736650578159,0.7907247996753106
unet_resnet34_rgb_unw,unet_resnet34,0.2593475516900786,0.3273566855302998,0.4320741435080694,0.32868008735038134,0.858288747186652,0.9019201298309165,9,12194633781,0.0,drivhus,0.0008805435612081588,drivhus|green_roof,0.0034109937628447108,drivhus|green_roof|brosten,0.6343998420460722,0.933220091012861,0.7838099665294667,0.9401548514612175,0.7299074441162547,0.8290112601616018
