cell,fold,macro_iou,macro_f1,overall_accuracy,source_file
convnext_upernet_10ch,0,0.327033536354718,0.40237241404062046,0.8608423464959305,C:\thesis\logs_and_models\spatial_matrix\convnext_upernet\oof_convnext_upernet_10ch\pooled_oof_metrics.json
convnext_upernet_10ch,1,0.4361830957623915,0.5480690446954909,0.9882574312122386,C:\thesis\logs_and_models\spatial_matrix\convnext_upernet\oof_convnext_upernet_10ch\pooled_oof_metrics.json
convnext_upernet_10ch,2,0.34751490227794885,0.44107013699916864,0.9299537577766755,C:\thesis\logs_and_models\spatial_matrix\convnext_upernet\oof_convnext_upernet_10ch\pooled_oof_metrics.json
convnext_upernet_10ch_unw,0,0.3199973154512572,0.39370906927899585,0.8615691014558291,C:\thesis\logs_and_models\spatial_matrix\convnext_upernet\oof_convnext_upernet_10ch_unw\pooled_oof_metrics.json
convnext_upernet_10ch_unw,1,0.39884135751388816,0.5013840373226037,0.9869360549627763,C:\thesis\logs_and_models\spatial_matrix\convnext_upernet\oof_convnext_upernet_10ch_unw\pooled_oof_metrics.json
convnext_upernet_10ch_unw,2,0.3327721202258522,0.42263295298945014,0.9262275508348741,C:\thesis\logs_and_models\spatial_matrix\convnext_upernet\oof_convnext_upernet_10ch_unw\pooled_oof_metrics.json
convnext_upernet_6ch,0,0.3159086087389563,0.3947203037356783,0.8547812005415062,C:\thesis\logs_and_models\spatial_matrix\convnext_upernet\oof_convnext_upernet_6ch\pooled_oof_metrics.json
convnext_upernet_6ch,1,0.3185166561664128,0.41761465537254683,0.9755495805769837,C:\thesis\logs_and_models\spatial_matrix\convnext_upernet\oof_convnext_upernet_6ch\pooled_oof_metrics.json
convnext_upernet_6ch,2,0.3350682121382262,0.4176294223371911,0.9207919991047666,C:\thesis\logs_and_models\spatial_matrix\convnext_upernet\oof_convnext_upernet_6ch\pooled_oof_metrics.json
convnext_upernet_6ch_corrected,0,0.26688771860218,0.33149247460118647,0.8280441504990727,C:\thesis\logs_and_models\spatial_matrix\convnext_upernet\oof_convnext_upernet_6ch_corrected\pooled_oof_metrics.json
convnext_upernet_6ch_corrected,1,0.35488755095106733,0.43901709904083236,0.9874647194845788,C:\thesis\logs_and_models\spatial_matrix\convnext_upernet\oof_convnext_upernet_6ch_corrected\pooled_oof_metrics.json
convnext_upernet_6ch_corrected,2,0.3377988503741237,0.4347724472522438,0.9234105901229969,C:\thesis\logs_and_models\spatial_matrix\convnext_upernet\oof_convnext_upernet_6ch_corrected\pooled_oof_metrics.json
convnext_upernet_6ch_unw,0,0.30519465302130366,0.3766213619329244,0.848855305302941,C:\thesis\logs_and_models\spatial_matrix\convnext_upernet\oof_convnext_upernet_6ch_unw\pooled_oof_metrics.json
convnext_upernet_6ch_unw,1,0.30661669606762393,0.39464780342994077,0.9783594224735521,C:\thesis\logs_and_models\spatial_matrix\convnext_upernet\oof_convnext_upernet_6ch_unw\pooled_oof_metrics.json
convnext_upernet_6ch_unw,2,0.3333369838915684,0.42064039090289174,0.9211144034671439,C:\thesis\logs_and_models\spatial_matrix\convnext_upernet\oof_convnext_upernet_6ch_unw\pooled_oof_metrics.json
convnext_upernet_ortorgb,0,0.34056609034247853,0.417539728608972,0.8682743575292277,C:\thesis\logs_and_models\spatial_matrix\convnext_upernet\oof_convnext_upernet_ortorgb\pooled_oof_metrics.json
convnext_upernet_ortorgb,1,0.43927035044959445,0.5378144346878287,0.988466909588448,C:\thesis\logs_and_models\spatial_matrix\convnext_upernet\oof_convnext_upernet_ortorgb\pooled_oof_metrics.json
convnext_upernet_ortorgb,2,0.3880852603043722,0.5022024315301591,0.9347827570730253,C:\thesis\logs_and_models\spatial_matrix\convnext_upernet\oof_convnext_upernet_ortorgb\pooled_oof_metrics.json
convnext_upernet_rgb,0,0.33020697076970584,0.41658671953926846,0.8717925310158021,C:\thesis\logs_and_models\spatial_matrix\convnext_upernet\oof_convnext_upernet_rgb\pooled_oof_metrics.json
convnext_upernet_rgb,1,0.3307029751058234,0.43321635118102464,0.9747565524621794,C:\thesis\logs_and_models\spatial_matrix\convnext_upernet\oof_convnext_upernet_rgb\pooled_oof_metrics.json
convnext_upernet_rgb,2,0.3749542747256219,0.4758871019583552,0.9275041813175273,C:\thesis\logs_and_models\spatial_matrix\convnext_upernet\oof_convnext_upernet_rgb\pooled_oof_metrics.json
convnext_upernet_rgb_dsm_dtm_corrected,0,0.30792425414665964,0.37406407649626267,0.8647216738366279,C:\thesis\logs_and_models\spatial_matrix\convnext_upernet\oof_convnext_upernet_rgb_dsm_dtm_corrected\pooled_oof_metrics.json
convnext_upernet_rgb_dsm_dtm_corrected,1,0.38492970537224624,0.4868932430088384,0.9865754960718264,C:\thesis\logs_and_models\spatial_matrix\convnext_upernet\oof_convnext_upernet_rgb_dsm_dtm_corrected\pooled_oof_metrics.json
convnext_upernet_rgb_dsm_dtm_corrected,2,0.36301415718563224,0.45202167505143076,0.9293282222565379,C:\thesis\logs_and_models\spatial_matrix\convnext_upernet\oof_convnext_upernet_rgb_dsm_dtm_corrected\pooled_oof_metrics.json
convnext_upernet_rgb_ndsm,0,0.33128275422564246,0.4197684009693543,0.8773536336219222,C:\thesis\logs_and_models\spatial_matrix\convnext_upernet\oof_convnext_upernet_rgb_ndsm\pooled_oof_metrics.json
convnext_upernet_rgb_ndsm,1,0.34374180884931393,0.4590159218146975,0.9698012038694507,C:\thesis\logs_and_models\spatial_matrix\convnext_upernet\oof_convnext_upernet_rgb_ndsm\pooled_oof_metrics.json
convnext_upernet_rgb_ndsm,2,0.37854120357659976,0.478073416172148,0.9298416336307844,C:\thesis\logs_and_models\spatial_matrix\convnext_upernet\oof_convnext_upernet_rgb_ndsm\pooled_oof_metrics.json
convnext_upernet_rgb_unw,0,0.3170191362704231,0.3921993041935293,0.8691032167709334,C:\thesis\logs_and_models\spatial_matrix\convnext_upernet\oof_convnext_upernet_rgb_unw\pooled_oof_metrics.json
convnext_upernet_rgb_unw,1,0.3093707867155188,0.4061374773712626,0.9693629984757601,C:\thesis\logs_and_models\spatial_matrix\convnext_upernet\oof_convnext_upernet_rgb_unw\pooled_oof_metrics.json
convnext_upernet_rgb_unw,2,0.3514947347258936,0.4509821439786992,0.9270549850068064,C:\thesis\logs_and_models\spatial_matrix\convnext_upernet\oof_convnext_upernet_rgb_unw\pooled_oof_metrics.json
segformer_b1_10ch,0,0.29062374931631463,0.36363515121735457,0.8539199427197877,C:\thesis\logs_and_models\spatial_matrix\segformer_b1\oof_segformer_b1_10ch\pooled_oof_metrics.json
segformer_b1_10ch,1,0.294750860557669,0.37026203842517974,0.9827622617619126,C:\thesis\logs_and_models\spatial_matrix\segformer_b1\oof_segformer_b1_10ch\pooled_oof_metrics.json
segformer_b1_10ch,2,0.2812892355215984,0.3518764621502986,0.9096909053757931,C:\thesis\logs_and_models\spatial_matrix\segformer_b1\oof_segformer_b1_10ch\pooled_oof_metrics.json
segformer_b1_10ch_unw,0,0.3087921863980028,0.37465211943049226,0.8628588481977526,C:\thesis\logs_and_models\spatial_matrix\segformer_b1\oof_segformer_b1_10ch_unw\pooled_oof_metrics.json
segformer_b1_10ch_unw,1,0.26089197266371117,0.31974296688416765,0.980004552264855,C:\thesis\logs_and_models\spatial_matrix\segformer_b1\oof_segformer_b1_10ch_unw\pooled_oof_metrics.json
segformer_b1_10ch_unw,2,0.23402672882816777,0.3054210696685049,0.8966466261631268,C:\thesis\logs_and_models\spatial_matrix\segformer_b1\oof_segformer_b1_10ch_unw\pooled_oof_metrics.json
segformer_b1_6ch,0,0.28827083829288763,0.35386732122785075,0.83351678654312,C:\thesis\logs_and_models\spatial_matrix\segformer_b1\oof_segformer_b1_6ch\pooled_oof_metrics.json
segformer_b1_6ch,1,0.27898656904095676,0.35228220925982456,0.9818094876506644,C:\thesis\logs_and_models\spatial_matrix\segformer_b1\oof_segformer_b1_6ch\pooled_oof_metrics.json
segformer_b1_6ch,2,0.2625834652705254,0.3519965120149107,0.8898380524873296,C:\thesis\logs_and_models\spatial_matrix\segformer_b1\oof_segformer_b1_6ch\pooled_oof_metrics.json
segformer_b1_6ch_corrected,0,0.281567275114536,0.3458264137633379,0.8354086472017521,C:\thesis\logs_and_models\spatial_matrix\segformer_b1\oof_segformer_b1_6ch_corrected\pooled_oof_metrics.json
segformer_b1_6ch_corrected,1,0.27364839922149553,0.3401616510843407,0.9819445033254782,C:\thesis\logs_and_models\spatial_matrix\segformer_b1\oof_segformer_b1_6ch_corrected\pooled_oof_metrics.json
segformer_b1_6ch_corrected,2,0.24618871457892735,0.321373975379233,0.8901472188239337,C:\thesis\logs_and_models\spatial_matrix\segformer_b1\oof_segformer_b1_6ch_corrected\pooled_oof_metrics.json
segformer_b1_6ch_unw,0,0.2802142393346005,0.338087179961257,0.8365373955889921,C:\thesis\logs_and_models\spatial_matrix\segformer_b1\oof_segformer_b1_6ch_unw\pooled_oof_metrics.json
segformer_b1_6ch_unw,1,0.26052586683272433,0.3144593223310185,0.9821008723538648,C:\thesis\logs_and_models\spatial_matrix\segformer_b1\oof_segformer_b1_6ch_unw\pooled_oof_metrics.json
segformer_b1_6ch_unw,2,0.2438278710187966,0.31667508869837074,0.8959632604934007,C:\thesis\logs_and_models\spatial_matrix\segformer_b1\oof_segformer_b1_6ch_unw\pooled_oof_metrics.json
segformer_b1_ortorgb,0,0.32691261845046654,0.3988947390518745,0.8668644990101025,C:\thesis\logs_and_models\spatial_matrix\segformer_b1\oof_segformer_b1_ortorgb\pooled_oof_metrics.json
segformer_b1_ortorgb,1,0.31554237323355355,0.3977466698419347,0.9781572321164199,C:\thesis\logs_and_models\spatial_matrix\segformer_b1\oof_segformer_b1_ortorgb\pooled_oof_metrics.json
segformer_b1_ortorgb,2,0.3098305466299356,0.402833186583723,0.9215520580058405,C:\thesis\logs_and_models\spatial_matrix\segformer_b1\oof_segformer_b1_ortorgb\pooled_oof_metrics.json
segformer_b1_rgb,0,0.3197012509456252,0.40391592239076857,0.8639625306700711,C:\thesis\logs_and_models\spatial_matrix\segformer_b1\oof_segformer_b1_rgb\pooled_oof_metrics.json
segformer_b1_rgb,1,0.2735708488822391,0.35815179632327576,0.9684467096854377,C:\thesis\logs_and_models\spatial_matrix\segformer_b1\oof_segformer_b1_rgb\pooled_oof_metrics.json
segformer_b1_rgb,2,0.2803988270926925,0.3671604617504608,0.9036053657065226,C:\thesis\logs_and_models\spatial_matrix\segformer_b1\oof_segformer_b1_rgb\pooled_oof_metrics.json
segformer_b1_rgb_dsm_dtm_corrected,0,0.30271764994826,0.37505358150631996,0.8606838870198056,C:\thesis\logs_and_models\spatial_matrix\segformer_b1\oof_segformer_b1_rgb_dsm_dtm_corrected\pooled_oof_metrics.json
segformer_b1_rgb_dsm_dtm_corrected,1,0.28971609080289473,0.3660578978510544,0.9820933296536761,C:\thesis\logs_and_models\spatial_matrix\segformer_b1\oof_segformer_b1_rgb_dsm_dtm_corrected\pooled_oof_metrics.json
segformer_b1_rgb_dsm_dtm_corrected,2,0.2857175118555842,0.36774381349759794,0.9091301173593822,C:\thesis\logs_and_models\spatial_matrix\segformer_b1\oof_segformer_b1_rgb_dsm_dtm_corrected\pooled_oof_metrics.json
segformer_b1_rgb_unw,0,0.3090244780258475,0.37957705948680975,0.8635015254971112,C:\thesis\logs_and_models\spatial_matrix\segformer_b1\oof_segformer_b1_rgb_unw\pooled_oof_metrics.json
segformer_b1_rgb_unw,1,0.22589284954359978,0.2873943479847081,0.9538369771625447,C:\thesis\logs_and_models\spatial_matrix\segformer_b1\oof_segformer_b1_rgb_unw\pooled_oof_metrics.json
segformer_b1_rgb_unw,2,0.2672917890626756,0.3441090138921108,0.9041537038217244,C:\thesis\logs_and_models\spatial_matrix\segformer_b1\oof_segformer_b1_rgb_unw\pooled_oof_metrics.json
swin_upernet_10ch,0,0.31161941746282024,0.390920198577595,0.8574366347616466,C:\thesis\logs_and_models\spatial_matrix\swin_upernet\oof_swin_upernet_10ch\pooled_oof_metrics.json
swin_upernet_10ch,1,0.3173370277708013,0.4053023945809397,0.9789853763297706,C:\thesis\logs_and_models\spatial_matrix\swin_upernet\oof_swin_upernet_10ch\pooled_oof_metrics.json
swin_upernet_10ch,2,0.30220568533549774,0.3785722287801605,0.9214923103520141,C:\thesis\logs_and_models\spatial_matrix\swin_upernet\oof_swin_upernet_10ch\pooled_oof_metrics.json
swin_upernet_10ch_unw,0,0.28911623249730767,0.359020144629559,0.8452374536028858,C:\thesis\logs_and_models\spatial_matrix\swin_upernet\oof_swin_upernet_10ch_unw\pooled_oof_metrics.json
swin_upernet_10ch_unw,1,0.3072123528472333,0.3737752325849531,0.9851888831310772,C:\thesis\logs_and_models\spatial_matrix\swin_upernet\oof_swin_upernet_10ch_unw\pooled_oof_metrics.json
swin_upernet_10ch_unw,2,0.29705561148405046,0.36517743724821466,0.9131763080136118,C:\thesis\logs_and_models\spatial_matrix\swin_upernet\oof_swin_upernet_10ch_unw\pooled_oof_metrics.json
swin_upernet_6ch,0,0.29236300088954087,0.3611785185694088,0.848314404552215,C:\thesis\logs_and_models\spatial_matrix\swin_upernet\oof_swin_upernet_6ch\pooled_oof_metrics.json
swin_upernet_6ch,1,0.26806273097004135,0.3443743297808068,0.9748466164417194,C:\thesis\logs_and_models\spatial_matrix\swin_upernet\oof_swin_upernet_6ch\pooled_oof_metrics.json
swin_upernet_6ch,2,0.2922029143262632,0.3636888925221629,0.9143053983400447,C:\thesis\logs_and_models\spatial_matrix\swin_upernet\oof_swin_upernet_6ch\pooled_oof_metrics.json
swin_upernet_6ch_corrected,0,0.2833464384178406,0.3503116223585171,0.8406995184075432,C:\thesis\logs_and_models\spatial_matrix\swin_upernet\oof_swin_upernet_6ch_corrected\pooled_oof_metrics.json
swin_upernet_6ch_corrected,1,0.30789793345511296,0.38358909151954274,0.9853340655455534,C:\thesis\logs_and_models\spatial_matrix\swin_upernet\oof_swin_upernet_6ch_corrected\pooled_oof_metrics.json
swin_upernet_6ch_corrected,2,0.28875462241723293,0.3619334473733515,0.9123678445935373,C:\thesis\logs_and_models\spatial_matrix\swin_upernet\oof_swin_upernet_6ch_corrected\pooled_oof_metrics.json
swin_upernet_6ch_unw,0,0.29653853435832495,0.3686215659560743,0.8578372877570625,C:\thesis\logs_and_models\spatial_matrix\swin_upernet\oof_swin_upernet_6ch_unw\pooled_oof_metrics.json
swin_upernet_6ch_unw,1,0.2823264987313488,0.35740598575210336,0.9800535037375254,C:\thesis\logs_and_models\spatial_matrix\swin_upernet\oof_swin_upernet_6ch_unw\pooled_oof_metrics.json
swin_upernet_6ch_unw,2,0.27862014298095317,0.3433098595603472,0.9112937652075004,C:\thesis\logs_and_models\spatial_matrix\swin_upernet\oof_swin_upernet_6ch_unw\pooled_oof_metrics.json
swin_upernet_ortorgb,0,0.3270828247513216,0.4162200238419457,0.8618754600088446,C:\thesis\logs_and_models\spatial_matrix\swin_upernet\oof_swin_upernet_ortorgb\pooled_oof_metrics.json
swin_upernet_ortorgb,1,0.34752446921165425,0.42577125277620154,0.9857532626065605,C:\thesis\logs_and_models\spatial_matrix\swin_upernet\oof_swin_upernet_ortorgb\pooled_oof_metrics.json
swin_upernet_ortorgb,2,0.3513436049688013,0.4418542392561098,0.9337443797040473,C:\thesis\logs_and_models\spatial_matrix\swin_upernet\oof_swin_upernet_ortorgb\pooled_oof_metrics.json
swin_upernet_rgb,0,0.31772575210362375,0.39286954658153467,0.8677744175903029,C:\thesis\logs_and_models\spatial_matrix\swin_upernet\oof_swin_upernet_rgb\pooled_oof_metrics.json
swin_upernet_rgb,1,0.26709667580970203,0.3507122053390854,0.9453853336926649,C:\thesis\logs_and_models\spatial_matrix\swin_upernet\oof_swin_upernet_rgb\pooled_oof_metrics.json
swin_upernet_rgb,2,0.3145775518428368,0.4109911534624618,0.9194226081340006,C:\thesis\logs_and_models\spatial_matrix\swin_upernet\oof_swin_upernet_rgb\pooled_oof_metrics.json
swin_upernet_rgb_dsm_dtm_corrected,0,0.28714877127318084,0.3590949097601907,0.8555456230972618,C:\thesis\logs_and_models\spatial_matrix\swin_upernet\oof_swin_upernet_rgb_dsm_dtm_corrected\pooled_oof_metrics.json
swin_upernet_rgb_dsm_dtm_corrected,1,0.26950113813053356,0.359645067351005,0.946637336838656,C:\thesis\logs_and_models\spatial_matrix\swin_upernet\oof_swin_upernet_rgb_dsm_dtm_corrected\pooled_oof_metrics.json
swin_upernet_rgb_dsm_dtm_corrected,2,0.31705076216038874,0.3974161502480891,0.9224054635417929,C:\thesis\logs_and_models\spatial_matrix\swin_upernet\oof_swin_upernet_rgb_dsm_dtm_corrected\pooled_oof_metrics.json
swin_upernet_rgb_unw,0,0.33463612295152806,0.41145906657664,0.8743960958691902,C:\thesis\logs_and_models\spatial_matrix\swin_upernet\oof_swin_upernet_rgb_unw\pooled_oof_metrics.json
swin_upernet_rgb_unw,1,0.25149743610057945,0.32382157656087446,0.961061328644699,C:\thesis\logs_and_models\spatial_matrix\swin_upernet\oof_swin_upernet_rgb_unw\pooled_oof_metrics.json
swin_upernet_rgb_unw,2,0.31993913892000325,0.40025846273269317,0.9226073054033923,C:\thesis\logs_and_models\spatial_matrix\swin_upernet\oof_swin_upernet_rgb_unw\pooled_oof_metrics.json
unet_resnet34_10ch,0,0.2785860283899673,0.3396846240917466,0.8418284334167927,C:\thesis\logs_and_models\spatial_matrix\unet_resnet34\oof_unet_resnet34_10ch\pooled_oof_metrics.json
unet_resnet34_10ch,1,0.2709898829162954,0.338441578761068,0.9783529280093907,C:\thesis\logs_and_models\spatial_matrix\unet_resnet34\oof_unet_resnet34_10ch\pooled_oof_metrics.json
unet_resnet34_10ch,2,0.23345649326390047,0.29089398103248054,0.870932700577972,C:\thesis\logs_and_models\spatial_matrix\unet_resnet34\oof_unet_resnet34_10ch\pooled_oof_metrics.json
unet_resnet34_10ch_unw,0,0.2716854535094785,0.331988218026815,0.8489159048201607,C:\thesis\logs_and_models\spatial_matrix\unet_resnet34\oof_unet_resnet34_10ch_unw\pooled_oof_metrics.json
unet_resnet34_10ch_unw,1,0.2519233256558834,0.3037297819331029,0.983230030286076,C:\thesis\logs_and_models\spatial_matrix\unet_resnet34\oof_unet_resnet34_10ch_unw\pooled_oof_metrics.json
unet_resnet34_10ch_unw,2,0.220060220286863,0.27706507964048965,0.8658029077727567,C:\thesis\logs_and_models\spatial_matrix\unet_resnet34\oof_unet_resnet34_10ch_unw\pooled_oof_metrics.json
unet_resnet34_6ch,0,0.28157098378563894,0.3438022702291279,0.8298266160283924,C:\thesis\logs_and_models\spatial_matrix\unet_resnet34\oof_unet_resnet34_6ch\pooled_oof_metrics.json
unet_resnet34_6ch,1,0.22941416635961992,0.2912324395800994,0.9559409750534615,C:\thesis\logs_and_models\spatial_matrix\unet_resnet34\oof_unet_resnet34_6ch\pooled_oof_metrics.json
unet_resnet34_6ch,2,0.23081426663809188,0.2911132634110331,0.873551530834536,C:\thesis\logs_and_models\spatial_matrix\unet_resnet34\oof_unet_resnet34_6ch\pooled_oof_metrics.json
unet_resnet34_6ch_corrected,0,0.272829097370686,0.3244098913553819,0.8335808027840382,C:\thesis\logs_and_models\spatial_matrix\unet_resnet34\oof_unet_resnet34_6ch_corrected\pooled_oof_metrics.json
unet_resnet34_6ch_corrected,1,0.20640608831801846,0.2620440254633434,0.9157297643244501,C:\thesis\logs_and_models\spatial_matrix\unet_resnet34\oof_unet_resnet34_6ch_corrected\pooled_oof_metrics.json
unet_resnet34_6ch_corrected,2,0.18369780707723649,0.23801961838594016,0.8679572592457993,C:\thesis\logs_and_models\spatial_matrix\unet_resnet34\oof_unet_resnet34_6ch_corrected\pooled_oof_metrics.json
unet_resnet34_6ch_unw,0,0.27366281078570953,0.3286469567285464,0.8352536854911593,C:\thesis\logs_and_models\spatial_matrix\unet_resnet34\oof_unet_resnet34_6ch_unw\pooled_oof_metrics.json
unet_resnet34_6ch_unw,1,0.2052202355077985,0.2526818913229946,0.9594836966300366,C:\thesis\logs_and_models\spatial_matrix\unet_resnet34\oof_unet_resnet34_6ch_unw\pooled_oof_metrics.json
unet_resnet34_6ch_unw,2,0.2374863621693402,0.3026292629429578,0.880113081037553,C:\thesis\logs_and_models\spatial_matrix\unet_resnet34\oof_unet_resnet34_6ch_unw\pooled_oof_metrics.json
unet_resnet34_ortorgb,0,0.31634021724100514,0.38162279485770373,0.8616354426248657,C:\thesis\logs_and_models\spatial_matrix\unet_resnet34\oof_unet_resnet34_ortorgb\pooled_oof_metrics.json
unet_resnet34_ortorgb,1,0.28538863383626856,0.357728395914339,0.9666181123355579,C:\thesis\logs_and_models\spatial_matrix\unet_resnet34\oof_unet_resnet34_ortorgb\pooled_oof_metrics.json
unet_resnet34_ortorgb,2,0.30614172920826516,0.3987762157026815,0.9169816165021882,C:\thesis\logs_and_models\spatial_matrix\unet_resnet34\oof_unet_resnet34_ortorgb\pooled_oof_metrics.json
unet_resnet34_rgb,0,0.32918725623407213,0.39581984089024885,0.8719523280063465,C:\thesis\logs_and_models\spatial_matrix\unet_resnet34\oof_unet_resnet34_rgb\pooled_oof_metrics.json
unet_resnet34_rgb,1,0.20446282289978002,0.2648935877712671,0.9082198436452599,C:\thesis\logs_and_models\spatial_matrix\unet_resnet34\oof_unet_resnet34_rgb\pooled_oof_metrics.json
unet_resnet34_rgb,2,0.2701234318037189,0.34819356575380334,0.9026307539619237,C:\thesis\logs_and_models\spatial_matrix\unet_resnet34\oof_unet_resnet34_rgb\pooled_oof_metrics.json
unet_resnet34_rgb_dsm_dtm_corrected,0,0.3004559937685978,0.3554579216090702,0.8612464635434758,C:\thesis\logs_and_models\spatial_matrix\unet_resnet34\oof_unet_resnet34_rgb_dsm_dtm_corrected\pooled_oof_metrics.json
unet_resnet34_rgb_dsm_dtm_corrected,1,0.20263797663422362,0.26149814272704386,0.9360936825454966,C:\thesis\logs_and_models\spatial_matrix\unet_resnet34\oof_unet_resnet34_rgb_dsm_dtm_corrected\pooled_oof_metrics.json
unet_resnet34_rgb_dsm_dtm_corrected,2,0.18668504532511368,0.24387852940410046,0.8626756292452497,C:\thesis\logs_and_models\spatial_matrix\unet_resnet34\oof_unet_resnet34_rgb_dsm_dtm_corrected\pooled_oof_metrics.json
unet_resnet34_rgb_unw,0,0.3206882306287498,0.3807074418742493,0.8746773285363276,C:\thesis\logs_and_models\spatial_matrix\unet_resnet34\oof_unet_resnet34_rgb_unw\pooled_oof_metrics.json
unet_resnet34_rgb_unw,1,0.17328380644604827,0.21591078102707995,0.9143516539768075,C:\thesis\logs_and_models\spatial_matrix\unet_resnet34\oof_unet_resnet34_rgb_unw\pooled_oof_metrics.json
unet_resnet34_rgb_unw,2,0.26134799685749727,0.3312674833111315,0.9068457191659942,C:\thesis\logs_and_models\spatial_matrix\unet_resnet34\oof_unet_resnet34_rgb_unw\pooled_oof_metrics.json
