cell,route,tiles,scored_px,macro_iou_present_classes,macro_f1_present_classes,overall_accuracy,n_classes_present,iou_unknown,iou_asfalt,iou_fliser,iou_grus,iou_ubefestet,iou_green_roof,iou_drivhus,iou_betonflade,iou_brosten,iou_unknown2,iou_solceller
convnext_upernet_10ch,82-11,1441,1271017403,0.6829511379530199,0.7698874984514608,0.9924520592893881,2,,0.0,0.0,0.373001322505343,0.9929009534006967,,,,,,
convnext_upernet_10ch,82-13,1043,863989206,0.4562861107419267,0.5328481847762734,0.967459144391209,4,,0.6438046180618672,0.0,0.12441961217168095,0.9848824297514476,0.0,0.0,0.07203778298271113,0.0,,0.0
convnext_upernet_10ch,82-16,378,306829357,0.6220554024152001,0.6980956355855409,0.9952169244352977,2,,0.0,0.0,0.24890109860530368,0.9952097062250964,,,,0.0,,
convnext_upernet_10ch,82-19,591,433222749,0.4230494931376234,0.4996657970536399,0.9550760479570292,8,,0.6935420411390787,0.1389351924155182,0.33686975618122755,0.9757643061844349,0.0,0.31969321646341464,0.0,0.0,,0.919591432717313
convnext_upernet_10ch,82-20,608,316377560,0.4041623115447416,0.5131899098467156,0.8697974628794786,8,,0.7239532718567122,0.46835750980002416,0.4746779070276244,0.8946552889476705,0.0,0.3820564056241389,0.22963296337670477,0.05990122754033384,,6.391818472355386e-05
convnext_upernet_10ch,82-21,313,194724135,0.66582576685867,0.7775067890716167,0.9649414285496762,8,,0.8956168891151831,0.7715281351469255,0.7945352513401076,0.9754374820373635,0.0,0.6545310840516709,0.496984468200881,0.40731392345621037,,0.33065890152101857
convnext_upernet_10ch,82-22,1360,1014086946,0.2841326687846551,0.36329935896045623,0.9258648380234648,7,,0.43647033930681023,0.2730648274900281,0.2786842592188057,0.9502845567851019,0.0,0.050424698691839805,0.0,0.0,,0.0
convnext_upernet_10ch,82-24,1529,642911577,0.22219229103913332,0.2779714028188667,0.8077289919450307,8,,0.5408981954736611,0.17688093747802405,0.09354801278491796,0.917390725803521,0.00011145746818967904,0.0,0.0,0.04870899930475269,,0.0
convnext_upernet_10ch,83-25,3630,2887492462,0.3904823348380815,0.5051374680795309,0.9944089852311448,6,,0.4941142905583088,0.09103968354595936,0.2827437701077598,0.9960173822931586,0.0,0.305530033306535,0.0,0.17344884921676731,,0.0
convnext_upernet_10ch,83-26,1228,946025258,0.5030589436739635,0.5830347213034083,0.9942669797089075,3,,0.43735602993146666,0.0,0.07712641588651288,0.9946943852039111,,0.0,0.0,,,0.0
convnext_upernet_10ch,83-31,1020,836776918,0.9996046102696154,0.9998022660438199,0.9996046102696154,1,,0.0,0.0,0.0,0.9996046102696154,,,,,,
convnext_upernet_10ch,83-34,10,1067196,0.28547015049069324,0.43194878379247886,0.4407222290938122,2,,0.0,0.0,0.17208246175698694,0.3988578392243996,,,,0.0,,
convnext_upernet_10ch,84-40,5269,2226168062,0.23996036078385063,0.3240256963776756,0.80748313556571,9,,0.5634348636578641,0.18051611406617973,0.13155797289252422,0.8758725898821365,0.003122469537345935,0.13129262844973288,0.1043333361787178,0.012267503196103912,,0.1572457691940506
convnext_upernet_10ch,84-41,343,181155748,0.5270693185036214,0.583826452620913,0.9793049624900668,5,,0.906871199208602,0.0,0.11029097353126927,0.9788681785513503,0.0,0.0,0.0,0.0,,0.639316241226885
convnext_upernet_10ch,85-45,401,50907628,0.8946781398461056,0.9442902078394942,0.9509319310654191,3,,,,0.8706906141717432,0.8929184385167221,,0.0,,,,0.920425366849851
convnext_upernet_10ch,85-48,150,21881576,0.9757533586434662,0.9876603146033673,0.9830232977734328,3,,,,0.998200754924214,0.9683878875308407,,,,,,0.9606714334753441
convnext_upernet_10ch_unw,82-11,1441,1271017403,0.6763313477097469,0.7628799975030993,0.99236034221319,2,,0.0,0.0,0.3600526189313468,0.9926100764881469,,,,,,
convnext_upernet_10ch_unw,82-13,1043,863989206,0.4352613873766466,0.5056550456224207,0.9644082891470753,4,,0.5981704810976285,0.0,0.14482209323548775,0.9830273306326123,,0.0,0.015025644540857882,0.0,,0.0
convnext_upernet_10ch_unw,82-16,378,306829357,0.5544578876862235,0.6057144293485716,0.9864314710929046,2,,0.0,0.0,0.12250426966047877,0.9864115057119683,,,,0.0,,
convnext_upernet_10ch_unw,82-19,591,433222749,0.3771016825039764,0.4541394086597817,0.9456402969272512,8,,0.7036279276997288,0.10192855761233396,0.3592377440688009,0.960278793238809,0.0,0.15136752559473762,0.0,0.0,,0.740372911817401
convnext_upernet_10ch_unw,82-20,608,316377560,0.3618057543372558,0.4682737161976007,0.8480641831866963,8,,0.6713482304611463,0.4602810033573466,0.5081147478303399,0.8372888877712054,,0.20763415290739412,0.08642057762134701,0.11114892300552999,,0.01220951174373688
convnext_upernet_10ch_unw,82-21,313,194724135,0.6300488987383249,0.7437790557605819,0.9659161305299931,8,,0.8948125978482291,0.7661008629821084,0.8137090511712958,0.9762196280613069,,0.34502988404439916,0.5044212003254394,0.4543490561185124,,0.2857489093553078
convnext_upernet_10ch_unw,82-22,1360,1014086946,0.26980545440212905,0.34522678500850196,0.923123938921111,7,,0.4197072990004136,0.22806459845781815,0.2709073613998414,0.9397494642514373,,0.03020945770539289,0.0,0.0,,0.0
convnext_upernet_10ch_unw,82-24,1529,642911577,0.22083522131031194,0.27902900808249503,0.8084341044616156,8,,0.5431398795124388,0.1347875072686082,0.07585276197655977,0.9017981272567525,0.0037447327480396833,0.0,0.0,0.10735876172009667,,0.0
convnext_upernet_10ch_unw,83-25,3630,2887492462,0.34493396941727816,0.44781979250779186,0.9929129324944365,6,,0.41870631511479495,0.07237895972340941,0.2806652831772089,0.9944969476672302,,0.16795476943824889,0.0,0.1354015413827767,,0.0
convnext_upernet_10ch_unw,83-26,1228,946025258,0.5261688163181081,0.6049397996015812,0.9942755714456833,3,,0.5048338190176026,0.0,0.07908948334538751,0.9945831465913341,,,0.0,,,0.0
convnext_upernet_10ch_unw,83-31,1020,836776918,0.9994866003223095,0.999743234249428,0.9994866003223095,1,,0.0,0.0,0.0,0.9994866003223095,,,,,,0.0
convnext_upernet_10ch_unw,83-34,10,1067196,0.29717147443012654,0.43925692755527945,0.42872630707011644,2,,0.0,0.0,0.1543244982771918,0.44001845058306127,,,,,,
convnext_upernet_10ch_unw,84-40,5269,2226168062,0.2301447372614126,0.3095912821385933,0.8085364720320922,9,,0.5540971261384595,0.18787791468030443,0.1481248839718599,0.8686430437799046,0.0,0.08087343832055031,0.10034660614607088,0.012564254515501463,,0.11877536780006209
convnext_upernet_10ch_unw,84-41,343,181155748,0.5573329032730197,0.6170409702238633,0.9867073331838193,5,,0.9395747392549032,0.007586780295156932,0.1778821784302689,0.9864916822089993,,,,0.0,,0.6751291361757696
convnext_upernet_10ch_unw,85-45,401,50907628,0.9181978025058722,0.9572872416485562,0.9535998416583071,3,,0.0,,0.9359951139880792,0.8984026083316651,,,,,,0.9201956851978726
convnext_upernet_10ch_unw,85-48,150,21881576,0.9753279343131821,0.9874432242760361,0.9828293903510423,3,,,,0.9976226842171342,0.9679747507520674,,,,,,0.9603863679703449
convnext_upernet_6ch,82-11,1441,1271017403,0.6084066946138043,0.6815787859370643,0.9908410396486129,2,,0.0,0.0,0.2249043934838925,0.9919089957437159,,,,0.0,,
convnext_upernet_6ch,82-13,1043,863989206,0.47042618028318917,0.5467753559138312,0.9675472265101424,4,,0.6852797254887458,0.0,0.1325094136672175,0.9840837631811953,0.0,,0.0798318187955979,0.0,,0.0
convnext_upernet_6ch,82-16,378,306829357,0.5530829142931427,0.6006861867240885,0.991599262126668,2,,0.0,,0.11457558950542521,0.9915902390808602,,,,,,
convnext_upernet_6ch,82-19,591,433222749,0.38850983040095144,0.4859243618826015,0.9321473351345176,8,,0.5477784012793021,0.24116057860469015,0.37348621117222314,0.9473714467891817,0.0,0.2810923638893721,0.0,0.0,,0.7171896414728424
convnext_upernet_6ch,82-20,608,316377560,0.3895108798482442,0.48858946144653903,0.8707446634331462,8,,0.7506082763696232,0.37738332697251403,0.4382057783739611,0.9242781455704646,,0.4619897560392471,0.06136903940244482,0.10225271605769878,,0.0
convnext_upernet_6ch,82-21,313,194724135,0.4980473716589244,0.6186448968294465,0.9252059638113169,8,,0.7731511011866137,0.5266875918896146,0.5034386482464343,0.9627400032021753,,0.5999071139766146,0.26888895213306807,0.28896681277395114,,0.060598749862923566
convnext_upernet_6ch,82-22,1360,1014086946,0.25254595407596026,0.3267775629321759,0.9150036973259688,7,,0.4011945742708832,0.10346259363344056,0.1927852659914792,0.935845808620003,0.0,0.1345334360159158,0.0,0.0,,0.0
convnext_upernet_6ch,82-24,1529,642911577,0.20432831226588521,0.253513083856436,0.7878346325065476,8,,0.5041150735879038,0.1489681803311818,0.059782281495395655,0.9031427651148889,0.0,0.0,0.0,0.01861819759771162,,0.0
convnext_upernet_6ch,83-25,3630,2887492462,0.2563823040950739,0.33109413756192557,0.9747686807987241,6,,0.13546353737336897,0.09584424165064691,0.15647416491704713,0.9756361622807853,0.0,0.1343737275215197,0.0,0.04050199082707525,,0.0
convnext_upernet_6ch,83-26,1228,946025258,0.524144129740004,0.6091389063489179,0.9943653808871137,3,,0.47424338167430796,0.0,0.10273094215032806,0.9954580653953761,,0.0,0.0,,,
convnext_upernet_6ch,83-31,1020,836776918,0.9996242929349062,0.9998121111718731,0.9996242929349062,1,,0.0,0.0,0.0,0.9996242929349062,,,,,,
convnext_upernet_6ch,83-34,10,1067196,0.4033581735509657,0.5698557506894845,0.5409493663769355,2,,0.0,0.0,0.32045203602084016,0.4862643110810913,,,,,,
convnext_upernet_6ch,84-40,5269,2226168062,0.2197851382510578,0.29369422017638597,0.7991188097460002,9,,0.5368727836182133,0.19757716663106087,0.08657938331247574,0.8608169929452079,0.0,0.11246969494598719,0.14849862525085764,0.015954732961468664,,0.01929686459424928
convnext_upernet_6ch,84-41,343,181155748,0.537712804338453,0.5957590931520881,0.9843916076016533,5,,0.9057484735368205,0.0,0.13562228049448175,0.9841327923296126,,0.0,,0.0,,0.6630604753313507
convnext_upernet_6ch,85-45,401,50907628,0.869452649551096,0.9286799220848238,0.9092942417195317,3,,0.0,0.0,0.9614172396199673,0.7916084701732689,,0.0,0.0,,,0.8553322388600518
convnext_upernet_6ch,85-48,150,21881576,0.9699413744901149,0.9846338427008309,0.9787430302095242,3,,,,0.9982061743370929,0.9603946199093123,,,,,,0.9512233292239396
convnext_upernet_6ch_corrected,82-11,1441,1271017403,0.6246464616779331,0.702586809875298,0.9911566686864633,2,,0.0,0.0,0.2571732489179382,0.992119674437928,,,,0.0,,
convnext_upernet_6ch_corrected,82-13,1043,863989206,0.4712912910916538,0.5374229955769902,0.9679003813850887,4,,0.7148453302956309,0.0,0.150162306248081,0.9890281961350762,0.0,0.0,0.031129331687826882,0.0,,0.0
convnext_upernet_6ch_corrected,82-16,378,306829357,0.5789709107421855,0.6378100904673198,0.997142356231578,2,,0.0,0.0,0.1608010228279577,0.9971407986564135,,,,0.0,,
convnext_upernet_6ch_corrected,82-19,591,433222749,0.32219652393611464,0.4225892976083072,0.910067024204216,8,,0.5616514449255885,0.21143427909799628,0.35710706139310083,0.9258050976786368,,0.29811579643740965,0.0,0.0,,0.2234585119561851
convnext_upernet_6ch_corrected,82-20,608,316377560,0.4071416033825603,0.4977517555596797,0.8893010205907145,8,,0.761597739043995,0.5164822768776954,0.5084121223074658,0.9282911332271497,,0.4446100179496732,0.0017830775426193567,0.0771306473996079,,0.018825812712275593
convnext_upernet_6ch_corrected,82-21,313,194724135,0.5344803175613304,0.650345837662638,0.9385106217059329,8,,0.8218181024469527,0.5989385295117661,0.5908190616895104,0.9673219885239083,0.0,0.5605130015295917,0.36536984330197964,0.33476567111320976,,0.03629634237372481
convnext_upernet_6ch_corrected,82-22,1360,1014086946,0.327539301550646,0.41282768670898523,0.9382225003022571,7,,0.6073097636789646,0.35630244400683,0.20688111293246259,0.9525866488088593,,0.16969514142740533,0.0,0.0,,0.0
convnext_upernet_6ch_corrected,82-24,1529,642911577,0.21436143117462156,0.2781409078301604,0.7757617203399652,8,,0.4601454259748379,0.18136295910277633,0.0916407388256398,0.883085649205264,0.007616554573480828,0.0,0.0,0.09104012171497362,,0.0
convnext_upernet_6ch_corrected,83-25,3630,2887492462,0.35292329654995336,0.4443823417273342,0.995159621995924,6,,0.5733629578367969,0.05331959137662675,0.20453796901721857,0.9963768151995582,,0.19985045331339377,0.0,0.09009199255612602,,0.0
convnext_upernet_6ch_corrected,83-26,1228,946025258,0.5539679324064829,0.6415752017056039,0.9923004360207051,3,,0.5424576680198587,0.0,0.12678694035215593,0.9926591888474339,,0.0,0.0,,,0.0
convnext_upernet_6ch_corrected,83-31,1020,836776918,0.9997070581241821,0.9998535076052126,0.9997070581241821,1,,0.0,0.0,0.0,0.9997070581241821,,,,,,
convnext_upernet_6ch_corrected,83-34,10,1067196,0.409647423422858,0.5756676882694998,0.54182643113355,2,,0.0,0.0,0.321750384233392,0.49754446261232393,,,,,,
convnext_upernet_6ch_corrected,84-40,5269,2226168062,0.1725856131355636,0.23171453580232773,0.7620653004409152,9,,0.4302124844160166,0.16578686145674304,0.04821202931090446,0.788758817620533,0.0,0.08672352523098792,2.065614631283963e-05,0.010645260740578893,,0.022910883297995583
convnext_upernet_6ch_corrected,84-41,343,181155748,0.5250947821470681,0.5741668798102246,0.9745964947245285,5,,0.9268153419769843,0.0,0.06981536679461109,0.9738018072923943,,0.0,,0.0,,0.6550413946713506
convnext_upernet_6ch_corrected,85-45,401,50907628,0.8448488632241973,0.9155895315569609,0.9118134319674057,3,,0.0,,0.8695770650221837,0.8010572647163956,,,,,,0.8639122599340124
convnext_upernet_6ch_corrected,85-48,150,21881576,0.9665365159740031,0.9828379986896881,0.9759516864781587,3,,,,0.9994056710542836,0.9551833928117301,,,,,,0.9450204840559958
convnext_upernet_6ch_unw,82-11,1441,1271017403,0.5827797085481752,0.6461283147160295,0.9903284982794213,2,,0.0,0.0,0.1740763894835419,0.9914830276128085,,,,0.0,,
convnext_upernet_6ch_unw,82-13,1043,863989206,0.47668836956651156,0.5428694915271244,0.9688239843588972,4,,0.7443108593695446,0.0,0.08256884588368903,0.9851968595789595,,0.0,0.09467691343385304,0.0,,0.0
convnext_upernet_6ch_unw,82-16,378,306829357,0.5082595610482761,0.5361546986820122,0.9708628532569,2,,0.0,0.0,0.04547962074620523,0.9710395013503469,,,,,,
convnext_upernet_6ch_unw,82-19,591,433222749,0.3612014237015423,0.45222273011205205,0.9308696229153931,8,,0.5529266226796248,0.2478572730343331,0.35335505221879815,0.949681302586773,0.0,0.11815584415584415,0.0,0.0,,0.6676352949369649
convnext_upernet_6ch_unw,82-20,608,316377560,0.38996536572419627,0.49151761151256823,0.8825507915289568,8,,0.7582578832273021,0.4483455817574171,0.49124899794044796,0.9256459496940842,,0.2525473561360984,0.1754410154065225,0.06498008174245952,,0.0032560598892383045
convnext_upernet_6ch_unw,82-21,313,194724135,0.4658401820064048,0.5836746127910596,0.9307688078830084,8,,0.7942518987934363,0.5330720051341806,0.556137030802339,0.9656681813621772,,0.24570124429437878,0.3367953766979633,0.23704784738872095,,0.058047871578042136
convnext_upernet_6ch_unw,82-22,1360,1014086946,0.2579779449102955,0.3339364357292912,0.917214497897698,7,,0.4188663706741835,0.1660176587337923,0.1820038379896495,0.9352996963408592,0.0,0.10365805063358394,0.0,0.0,,0.0
convnext_upernet_6ch_unw,82-24,1529,642911577,0.21137003099794122,0.2646500710418651,0.7909248723950105,8,,0.5103040272767401,0.16749743993815847,0.08548805233426748,0.903365427138387,0.0038759979109154667,0.0,0.0,0.020429303385061215,,
convnext_upernet_6ch_unw,83-25,3630,2887492462,0.2564019740187831,0.3275033000635399,0.9793618533089697,6,,0.1707830869940905,0.1154047244535768,0.1903881463031911,0.9803801250947869,,0.03410892241522653,0.0,0.04734683885182692,,0.0
convnext_upernet_6ch_unw,83-26,1228,946025258,0.5231703372484177,0.6082411901196115,0.9940646648146894,3,,0.47272125689376077,0.0,0.10221659901774909,0.9945731558337433,,,0.0,,,
convnext_upernet_6ch_unw,83-31,1020,836776918,0.999633870158928,0.9998169015605628,0.999633870158928,1,,0.0,0.0,0.0,0.999633870158928,,,,,,
convnext_upernet_6ch_unw,83-34,10,1067196,0.2914774117483132,0.427744949902138,0.4143971679054269,2,,0.0,0.0,0.13311259564221073,0.44984222785441574,,,,,,
convnext_upernet_6ch_unw,84-40,5269,2226168062,0.2097793946997584,0.28080206286087545,0.7909140221956881,9,,0.5218270793724821,0.17384123080199987,0.09430461513111857,0.8549867587552686,0.0029962570794976467,0.0960394007798071,0.08314243714015211,0.007980385998967332,,0.05289638723853225
convnext_upernet_6ch_unw,84-41,343,181155748,0.5530323824707732,0.6292376638647659,0.9862775372714091,5,,0.8662147591292612,0.0,0.3084363296131893,0.9861719062934019,,,,0.0,,0.6043389173180138
convnext_upernet_6ch_unw,85-45,401,50907628,0.8574828497262881,0.922599675265123,0.9122341547714617,3,,0.0,,0.9117009340416963,0.7984187541909251,,,,,,0.8623288609462428
convnext_upernet_6ch_unw,85-48,150,21881576,0.968181108363963,0.9837201147585551,0.9776856566455725,3,,,,0.9971277111741971,0.9585121567037374,,,,,,0.9489034572139542
convnext_upernet_rgb,82-11,1441,1271017403,0.6070434674865539,0.6797894060579135,0.9908002959106611,2,,0.0,0.0,0.22225421596151476,0.9918327190115931,,,,0.0,,
convnext_upernet_rgb,82-13,1043,863989206,0.4501536171654981,0.528011320241011,0.9638281314361699,4,,0.6256250392002504,0.0,0.13836950761058173,0.9783025001212148,,,0.05831742172994552,0.0,,
convnext_upernet_rgb,82-16,378,306829357,0.6155270273952587,0.6887702755663953,0.9973469455206009,2,,0.0,0.0,0.23370607532133647,0.9973479794691809,,,,0.0,,
convnext_upernet_rgb,82-19,591,433222749,0.32875738889177136,0.43070394200164647,0.90483422651473,8,,0.42382299468836565,0.20600584625125937,0.14072125127862872,0.9031970130135094,0.0,0.35161740802637304,0.034069819973543684,0.0,,0.5706247779024913
convnext_upernet_rgb,82-20,608,316377560,0.4140437894257929,0.5041990766339687,0.8875941296215825,8,,0.7740183524559936,0.46833784330955325,0.5318701759885289,0.9214075726480903,0.0,0.5204831358249772,0.04457646708233835,0.04329721995704629,,0.008359548139815294
convnext_upernet_rgb,82-21,313,194724135,0.4602013936336439,0.570630760192443,0.9248444729257624,8,,0.7829643309442121,0.5850303346293516,0.4535534136504589,0.9562843428821406,,0.5425153032832498,0.145809886911815,0.10307502153638713,,0.11237851523153568
convnext_upernet_rgb,82-22,1360,1014086946,0.3209276937668161,0.41287597981400515,0.93143913421404,7,,0.5245377702526091,0.31213729507715654,0.24693136750704425,0.9442198043491267,0.0,0.2186676191817761,0.0,0.0,,0.0
convnext_upernet_rgb,82-24,1529,642911577,0.2369291162542489,0.3004456205650375,0.8125969864126432,8,,0.554870515722957,0.15644655927935672,0.044460856349681034,0.9018097216520656,0.002158969823173407,0.0,0.0,0.23568630720675754,,0.0
convnext_upernet_rgb,83-25,3630,2887492462,0.3023514412055102,0.40185651235105185,0.974435021745868,6,,0.13721847645429994,0.1372412935838737,0.16142990265368237,0.9758103866961477,,0.25735588241080154,0.0,0.14505270543425602,,0.0
convnext_upernet_rgb,83-26,1228,946025258,0.5202117300270062,0.5852112361838618,0.9941827557420249,3,,0.5332874744438013,0.0,0.03224479683813439,0.9951029187990829,,0.0,0.0,,,0.0
convnext_upernet_rgb,83-31,1020,836776918,0.9994435601771702,0.999721702660724,0.9994435601771702,1,,0.0,0.0,0.0,0.9994435601771702,,,,,,
convnext_upernet_rgb,83-34,10,1067196,0.5338446683537967,0.6960379243447763,0.6914578015659729,2,,0.0,0.0,0.5432546926410289,0.5244346440665645,,,,,,
convnext_upernet_rgb,84-40,5269,2226168062,0.2447280035378562,0.325966754455813,0.822774658510935,9,,0.6100415046958091,0.20539422528845408,0.09448911888229605,0.8839042678803001,0.010001823424932298,0.10524897154800253,0.19554922695844315,0.05117777791562533,,0.046745115246843
convnext_upernet_rgb,84-41,343,181155748,0.5253276871529577,0.5756015346942279,0.9764066442981428,5,,0.8715019111504102,0.0,0.06826687117063658,0.9759923155985601,0.0,0.0,0.0,0.0,,0.7108773378451818
convnext_upernet_rgb,85-45,401,50907628,0.7875871905061437,0.8794927479406948,0.9071570963785623,3,,0.0,0.0,0.7029088286577898,0.7874126293538996,,,0.0,,,0.872440113506742
convnext_upernet_rgb,85-48,150,21881576,0.9681690412827849,0.9836977409221298,0.977204841186942,3,,,,0.9991916042455681,0.9574545323964005,,,,,,0.9478609872063863
convnext_upernet_rgb_ndsm,82-11,1441,1271017403,0.5780049356284167,0.6393256578503388,0.9901796899314368,2,,0.0,0.0,0.16490185323052597,0.9911080180263074,,0.0,,0.0,,
convnext_upernet_rgb_ndsm,82-13,1043,863989206,0.5105057126335653,0.6046537193149771,0.9681976119502586,4,,0.7072558721774032,0.0,0.18275322483929637,0.9825053310669054,0.0,0.0,0.1695084224506563,0.0,,
convnext_upernet_rgb_ndsm,82-16,378,306829357,0.6570084990668587,0.7396758608549154,0.9978533247064753,2,,0.0,0.0,0.3161545836176145,0.9978624145161028,,,,0.0,,
convnext_upernet_rgb_ndsm,82-19,591,433222749,0.33215908871299427,0.41524590128890015,0.9187288292656118,8,,0.5550311078429084,0.09384807685831878,0.10853125076836467,0.9206757295413808,0.0,0.2800375243547495,0.01699161786657481,0.0,,0.6821574024716571
convnext_upernet_rgb_ndsm,82-20,608,316377560,0.4425766059822855,0.5519591528765342,0.8864215180115809,8,,0.760573174338663,0.4855536664520698,0.5467232293115534,0.9103005929765744,0.0,0.5184540683151365,0.20489124578711262,0.073412651666863,,0.040704219010311134
convnext_upernet_rgb_ndsm,82-21,313,194724135,0.5036557735994648,0.6248458304220013,0.9261317709794936,8,,0.78704203203393,0.5377889888954571,0.509676884733767,0.9609187270628373,,0.5968634006047049,0.34995371213206955,0.10133057176928388,,0.18567187156366835
convnext_upernet_rgb_ndsm,82-22,1360,1014086946,0.31551910594481375,0.40037654656674526,0.9352093267158573,7,,0.572804420434026,0.33579177994796733,0.18225652622149024,0.9484436691442288,0.0,0.169337345865984,0.0,0.0,,0.0
convnext_upernet_rgb_ndsm,82-24,1529,642911577,0.24529304726232262,0.3119641989877169,0.8102712264582537,8,,0.5713836212219292,0.17441056989012144,0.04434799724970136,0.9096722244690734,0.012199634367282724,0.013689244165298695,0.0,0.23664108673517406,,0.0
convnext_upernet_rgb_ndsm,83-25,3630,2887492462,0.2938483912212127,0.38845758823114945,0.9643564201969508,6,,0.0978269818461848,0.12761620085938116,0.2039316512959883,0.9657961837374907,0.0,0.267004469619861,0.0,0.10091485996837027,,0.0
convnext_upernet_rgb_ndsm,83-26,1228,946025258,0.5041833614759613,0.589427339494419,0.9943469469184089,3,,0.4176440036683302,0.0,0.09983376199853938,0.9950723187610142,,0.0,0.0,0.0,,
convnext_upernet_rgb_ndsm,83-31,1020,836776918,0.9994194175418208,0.999709624477443,0.9994194175418208,1,,0.0,0.0,0.0,0.9994194175418208,,,,,,
convnext_upernet_rgb_ndsm,83-34,10,1067196,0.5434531588516595,0.7041634736374163,0.6974426440878714,2,,0.0,0.0,0.5521142546427046,0.5347920630606143,,,,,,
convnext_upernet_rgb_ndsm,84-40,5269,2226168062,0.24527440681684576,0.32365200142385797,0.8304804343204165,9,,0.6190264817226072,0.23041294275198637,0.07977620101219969,0.8921527693278786,0.004376613834365488,0.09920237306749542,0.18223373179812327,0.0904488589692207,,0.00983968886773531
convnext_upernet_rgb_ndsm,84-41,343,181155748,0.5534280426598662,0.6148910651336087,0.9871372394984673,5,,0.8855451678929026,0.0,0.184148416350272,0.9872158399026232,,,,0.0,,0.7102307891535332
convnext_upernet_rgb_ndsm,85-45,401,50907628,0.7521278119846321,0.8567359155564712,0.8848639736268993,3,,0.0,0.0,0.6749834050966764,0.7373126585429461,,,0.0,,,0.8440873723142738
convnext_upernet_rgb_ndsm,85-48,150,21881576,0.969124646237887,0.9842071121045096,0.9781593885193645,3,,,,0.9981104313762328,0.9593081758971356,,,,,,0.9499553314402923
convnext_upernet_rgb_unw,82-11,1441,1271017403,0.5903500087143829,0.6568738738070352,0.990515745125482,2,,0.0,0.0,0.1890008999968261,0.9916991174319398,,,,0.0,,
convnext_upernet_rgb_unw,82-13,1043,863989206,0.5317835557332712,0.6303896819212478,0.9724385075245952,4,,0.7161762349561169,0.0,0.15384723669483055,0.9849742615667186,0.0,0.0,0.27213648971541854,0.0,,
convnext_upernet_rgb_unw,82-16,378,306829357,0.6505596161147882,0.7321792326194388,0.9977899507184379,2,,0.0,0.0,0.30332386537499234,0.9977953668545839,,,,0.0,,
convnext_upernet_rgb_unw,82-19,591,433222749,0.23721685422170652,0.3122145461621533,0.889015846672447,8,,0.35525454166189374,0.09169730371532242,0.08088544105560073,0.8875537029415745,0.0,0.07082925824882895,0.0,0.0,,0.4115145861504316
convnext_upernet_rgb_unw,82-20,608,316377560,0.3883671529409585,0.4806787803865115,0.891722674642285,8,,0.7640959205866945,0.5054512222205001,0.549376785039044,0.9266221799022348,0.0,0.19411172058658904,0.034360454943132106,0.10227770303083378,,0.030641237218639945
convnext_upernet_rgb_unw,82-21,313,194724135,0.4386385733451075,0.5462961890260589,0.9237066067850295,8,,0.7688790723741052,0.5268458372971148,0.5347185571789039,0.9583108186035225,0.0,0.13199641783406896,0.37605905115835053,0.20355230941610988,,0.00874652289868372
convnext_upernet_rgb_unw,82-22,1360,1014086946,0.3062504631754693,0.3898827526647645,0.9334226584157213,7,,0.54687942187016,0.31668479503683356,0.19796531755720875,0.9474318240512287,0.0,0.13479188371285408,0.0,0.0,,0.0
convnext_upernet_rgb_unw,82-24,1529,642911577,0.24178684912248416,0.30970698777549255,0.8122014607927958,8,,0.5692048554360615,0.1648735024465453,0.035574537076444306,0.9012826708380052,0.06290402371932574,0.0,0.0,0.20045520346349108,,0.0
convnext_upernet_rgb_unw,83-25,3630,2887492462,0.2700683176318243,0.3560967268014416,0.9623147975511495,6,,0.09427662659568008,0.15473306903974968,0.14633547158214463,0.9636383672999775,0.0,0.09819409834803776,0.0,0.16323227292535641,,0.0
convnext_upernet_rgb_unw,83-26,1228,946025258,0.46082934692454103,0.5250450084371708,0.9939220164034986,3,,0.3665998607090437,0.0,0.021033558375856572,0.9948546216887227,,,0.0,,,
convnext_upernet_rgb_unw,83-31,1020,836776918,0.9995431422739125,0.9997715189452887,0.9995431422739125,1,,0.0,0.0,0.0,0.9995431422739125,,,,,,
convnext_upernet_rgb_unw,83-34,10,1067196,0.5342212320494686,0.6964008778896661,0.6876084618008313,2,,0.0,0.0,0.5375563865970515,0.5308860775018858,,,,,,
convnext_upernet_rgb_unw,84-40,5269,2226168062,0.22304281365440437,0.28983446317456485,0.8189734648165121,9,,0.6220087826695393,0.21347453569847022,0.07027723828703403,0.8713031725339351,0.00032933809815291276,0.06094901810947371,0.09965896872863687,0.06697194401660196,,0.002412324747795167
convnext_upernet_rgb_unw,84-41,343,181155748,0.5968364396371452,0.6657264385730055,0.9909280714625738,5,,0.9170286493158509,0.0,0.3942564241709541,0.9908839160556107,0.0,0.0,,0.0,,0.6820132086433102
convnext_upernet_rgb_unw,85-45,401,50907628,0.8116971264780948,0.8956675175981336,0.8977590745339775,3,,0.0,0.0,0.8203800027276227,0.7662095348727191,,,0.0,,,0.8485018418339426
convnext_upernet_rgb_unw,85-48,150,21881576,0.9731652829877241,0.986310683140721,0.9809842764524822,3,,,,0.9989450209595793,0.9647402886948498,,,,,,0.9558105393087429
segformer_b1_10ch,82-11,1441,1271017403,0.6417606240185165,0.7240768380206778,0.99086813447825,2,,0.0,0.0,0.2925751935109843,0.9909460545260487,,0.0,,0.0,,
segformer_b1_10ch,82-13,1043,863989206,0.4349952404286822,0.4951752292506003,0.967787552429214,4,,0.6335134892995354,0.0,0.11778349479001936,0.9886832175940938,,0.0,7.600310802043065e-07,0.0,,
segformer_b1_10ch,82-16,378,306829357,0.5593500451011458,0.6104688769715712,0.9919634678242343,2,,0.0,,0.12674590717012604,0.9919541830321655,,,,,,
segformer_b1_10ch,82-19,591,433222749,0.33985667230865557,0.42799556892247737,0.9232798137292647,8,,0.641217597977814,0.038313997010862064,0.4455170630261986,0.9435762821893893,,0.3240747970018738,0.0,0.0,,0.32615364126310736
segformer_b1_10ch,82-20,608,316377560,0.2669381198455045,0.34753374667083115,0.8017405975316327,8,,0.5451344011202931,0.259144126046552,0.28083385418714985,0.8985381153357737,0.0,0.11463729038056718,0.03334876667756912,0.0017835640498673644,,0.0020848409662634826
segformer_b1_10ch,82-21,313,194724135,0.32515143901618776,0.3990009387815334,0.8979226740434615,8,,0.7086624147400123,0.2942155414811057,0.49318309299684626,0.9465014742904836,0.0,0.15686142018409238,0.0010495392700492496,0.0,,0.0007380291669126764
segformer_b1_10ch,82-22,1360,1014086946,0.2504141817344146,0.3156845675834904,0.9191431116203324,7,,0.41613970018674307,0.13606490393904794,0.2382177152939395,0.9508659907149652,0.0,0.011610962006206491,0.0,0.0,,0.0
segformer_b1_10ch,82-24,1529,642911577,0.2047609279412884,0.24984019102399133,0.7868227499658168,8,,0.5483034898552793,0.11106367846145647,0.06955493469213225,0.9035696219387391,0.0,0.0,0.0,0.005595698582699867,,
segformer_b1_10ch,83-25,3630,2887492462,0.314752920978926,0.4014982714566155,0.989574980230719,6,,0.3625387988839495,0.044000084531364156,0.22437442606211622,0.9912577161950367,0.0,0.2526257901543445,0.0,0.01372071004674492,,
segformer_b1_10ch,83-26,1228,946025258,0.5080241217690258,0.5943581097324524,0.9884696133557145,3,,0.4334933957212868,0.0,0.1010311003143068,0.9895478692714837,,0.0,0.0,0.0,,0.0
segformer_b1_10ch,83-31,1020,836776918,0.9997041206626591,0.9998520384419457,0.9997041206626591,1,,0.0,,0.0,0.9997041206626591,,0.0,,,,
segformer_b1_10ch,83-34,10,1067196,0.33765730359727175,0.4996753073813066,0.4991810314131612,2,,0.0,0.0,0.25910811073067275,0.4162064964638708,,,,0.0,,
segformer_b1_10ch,84-40,5269,2226168062,0.20478033883561803,0.26690253740163056,0.7979924509401214,9,,0.5152409921705315,0.16528929176376217,0.21516617382772132,0.8651208219770241,0.0,0.06244799319221716,0.016173913855330797,0.0027782589806460375,,0.0008056037533290594
segformer_b1_10ch,84-41,343,181155748,0.4544752357590152,0.534738379025079,0.8987108871643421,5,,0.7628850968110708,0.0812396285190253,0.016741057709511627,0.8974778252250912,,0.0,0.0,0.0,,0.5140325705303768
segformer_b1_10ch,85-45,401,50907628,0.7549498580588428,0.8544294364279205,0.907585912272322,3,,0.0,,0.5880070002026638,0.790303366512224,,,,,,0.8865392074616408
segformer_b1_10ch,85-48,150,21881576,0.9353887908505479,0.9666027548542387,0.9688641713924079,3,,,,0.926002107466336,0.9423791465466058,,,,,,0.9377851185387022
segformer_b1_10ch_unw,82-11,1441,1271017403,0.6232514800275347,0.7018867932472395,0.9889980019415989,2,,0.0,0.0,0.2571837463960448,0.9893192136590246,,,,0.0,,
segformer_b1_10ch_unw,82-13,1043,863989206,0.4317371609580455,0.49094908688311656,0.9671765841482052,4,,0.6293995987535497,0.0,0.10938153196551946,0.9881674625399214,,,5.0573191495086156e-08,0.0,,
segformer_b1_10ch_unw,82-16,378,306829357,0.564855595413844,0.6186597177050215,0.9927224923265736,2,,0.0,0.0,0.1369924496826435,0.9927187411450445,,,,0.0,,
segformer_b1_10ch_unw,82-19,591,433222749,0.26720022562878215,0.3329354815262645,0.9115595958696989,8,,0.5988400287726142,0.06766264233003852,0.37690225154897955,0.9359398885322481,,0.0,0.0,0.0,,0.15825699384637706
segformer_b1_10ch_unw,82-20,608,316377560,0.22013656366620504,0.28923450562538355,0.7588870999574053,8,,0.4530377732818302,0.21520979677215304,0.27499782583278626,0.8142828750810805,,0.0,0.0,0.003564238361790293,,0.0
segformer_b1_10ch_unw,82-21,313,194724135,0.3211406298157191,0.3935059550374501,0.8997657018735762,8,,0.7224724810575553,0.33427296527706474,0.4358233557253485,0.948084624827747,,0.0,0.12847161163803753,0.0,,0.0
segformer_b1_10ch_unw,82-22,1360,1014086946,0.20511699593712804,0.2545474893427813,0.89512564635656,7,,0.1949054698327957,0.044272190567345805,0.2420909836722485,0.9516551189812222,,0.0,0.0028952085062840423,0.0,,0.0
segformer_b1_10ch_unw,82-24,1529,642911577,0.21397316395835822,0.2673413544687198,0.7750257559913251,8,,0.5433087231467268,0.13255266840301852,0.07970668433850821,0.9007204683920776,0.0,0.0,0.0,0.05549676738653445,,
segformer_b1_10ch_unw,83-25,3630,2887492462,0.24952479615698187,0.30287234036640753,0.9855287012693853,6,,0.28757881371493005,0.017930709022254403,0.20006692977694654,0.9874659570533019,,0.0006033182503770739,0.0,0.003503049124081193,,0.0
segformer_b1_10ch_unw,83-26,1228,946025258,0.4813055295886488,0.5540068965246459,0.993287574569177,3,,0.40239220508808365,0.0,0.047848660276070785,0.993675723401792,,,0.0,0.0,,0.0
segformer_b1_10ch_unw,83-31,1020,836776918,0.9995305534945456,0.9997652216393323,0.9995305534945456,1,,0.0,,0.0,0.9995305534945456,,,,,,
segformer_b1_10ch_unw,83-34,10,1067196,0.27226560381597825,0.37152497830557146,0.3483465080453825,2,,0.0,0.0,0.035335600818958104,0.5091956068129984,,,,,,
segformer_b1_10ch_unw,84-40,5269,2226168062,0.21421831196458024,0.2726567274500181,0.8104139569674592,9,,0.533364851249563,0.17232556834709128,0.3086228257749895,0.8871987075688023,0.0,0.001208197152991837,0.01374455195479067,0.009664085027439031,,0.0018360206055545736
segformer_b1_10ch_unw,84-41,343,181155748,0.4974530279594189,0.5547510403930459,0.8638299072906039,5,,0.8736248640890344,0.029410282258064517,0.014910924893042382,0.859940256134764,,,0.0,0.0,,0.7093788124221895
segformer_b1_10ch_unw,85-45,401,50907628,0.8438434486137313,0.9144285519953698,0.9339400374340757,3,,0.0,0.0,0.7739302662977228,0.8582059503822198,,,,,,0.8993941291612513
segformer_b1_10ch_unw,85-48,150,21881576,0.9378411735824702,0.9678808923597993,0.9719649535298555,3,,,,0.9203225788970757,0.9481135945459352,,,,,,0.9450873473043995
segformer_b1_6ch,82-11,1441,1271017403,0.6187982205729251,0.6955039093353882,0.9910629233138832,2,,0.0,0.0,0.24646433691894284,0.9911321042269075,,,,,,
segformer_b1_6ch,82-13,1043,863989206,0.4338094446240332,0.48899620347424355,0.9682043655068533,4,,0.6543541023141372,0.0,0.08732614482696736,0.9884935933643879,,0.0,0.0050639379906403685,0.0,,
segformer_b1_6ch,82-16,378,306829357,0.5077031955655863,0.5313615824829071,0.9767287978249095,2,,0.0,0.0,0.038693288444874935,0.9767131026862976,,,,0.0,,
segformer_b1_6ch,82-19,591,433222749,0.17195786022826906,0.21884197203213884,0.8644178609373997,8,,0.2661167503510627,0.024309328629407465,0.11702595352507728,0.901514862428135,,0.06622100065219416,0.0,0.0,,0.0004749862402757865
segformer_b1_6ch,82-20,608,316377560,0.2831870838788928,0.3751839953771371,0.7971590052088398,8,,0.5064030004597878,0.2691058184910351,0.3308887739558919,0.8981596044873359,0.0,0.13909079788569625,0.12180989080616005,3.8784945235657324e-05,,0.0
segformer_b1_6ch,82-21,313,194724135,0.3019345161288491,0.37671931809691944,0.8871636482041633,8,,0.6844868818965236,0.2143288129237884,0.36508835042031196,0.9461422087274612,0.0,0.20542987506270755,0.0,0.0,,0.0
segformer_b1_6ch,82-22,1360,1014086946,0.22190017405330395,0.2845200056523988,0.9085719894475399,7,,0.3112506922736358,0.12466900129377372,0.14930404618909426,0.9316476288025758,0.0,0.032609037451652466,0.003795115513828452,2.5696848567043793e-05,,0.0
segformer_b1_6ch,82-24,1529,642911577,0.16760961539462646,0.23114814890381902,0.704137825783778,8,,0.2669147681878577,0.1341409928942769,0.06480785598381543,0.7604047954323034,0.0,0.0,0.0,0.11460851065875811,,
segformer_b1_6ch,83-25,3630,2887492462,0.31441358966165106,0.4096143080936756,0.9884015683362847,6,,0.27303761508011004,0.17912867656986864,0.2529720155366886,0.9899308122661786,0.0,0.1828202147845697,0.0,0.008592203732490677,,0.0
segformer_b1_6ch,83-26,1228,946025258,0.5450512945027667,0.6414392800758589,0.9944358800618831,3,,0.4757651893386839,0.0,0.1640729459708868,0.9953157481987294,,0.0,,0.0,,0.0
segformer_b1_6ch,83-31,1020,836776918,0.9997920222268846,0.9998960002986291,0.9997920222268846,1,,0.0,0.0,0.0,0.9997920222268846,,,0.0,,,
segformer_b1_6ch,83-34,10,1067196,0.3115814208471004,0.44365559954020267,0.4089501834714523,2,,0.0,0.0,0.12508322421713752,0.4980796174770633,,,,,,
segformer_b1_6ch,84-40,5269,2226168062,0.18677059091050252,0.24925927174314783,0.7697083186345703,9,,0.43834105952148833,0.15807268612853545,0.16896496044450737,0.8316536016330593,0.0,0.036238856273102846,0.02210491445299338,0.010881425051823563,,0.01467781468901248
segformer_b1_6ch,84-41,343,181155748,0.47179934064764284,0.5309319595848236,0.9730537448913849,5,,0.8609218507615116,0.0,0.05485555968387448,0.974414525520733,,0.0,0.0,0.0,,0.4688047672720952
segformer_b1_6ch,85-45,401,50907628,0.7248775282518375,0.8339525608726496,0.8905715662100776,3,,0.0,0.0,0.55628327574908,0.7537589934330781,,0.0,0.0,,,0.8645903155733541
segformer_b1_6ch,85-48,150,21881576,0.9211918055974418,0.9588218447981122,0.9666467808351648,3,,,,0.8879080880428918,0.938447555039063,,,,,,0.9372197737103708
segformer_b1_6ch_corrected,82-11,1441,1271017403,0.5904429369209027,0.657487579581916,0.9904709904275009,2,,0.0,0.0,0.19024835477141486,0.9906375190703904,,0.0,,,,
segformer_b1_6ch_corrected,82-13,1043,863989206,0.43913277627462444,0.4894040726747651,0.9666092228934628,4,,0.6893523882317485,0.0,0.07719494541083231,0.9878299861737171,0.0,0.0,0.002153785282200011,0.0,,0.0
segformer_b1_6ch_corrected,82-16,378,306829357,0.5043677424330147,0.5104303883722137,0.9975749680301941,2,,0.0,,0.011160582650232943,0.9975749022157966,,,,,,
segformer_b1_6ch_corrected,82-19,591,433222749,0.20713658588628175,0.26688184057485614,0.8699543845976565,8,,0.27205995326456406,0.004808045490835199,0.1626040903909945,0.9302501405892297,,0.2772842639593909,0.0,0.0,,0.010086193395239652
segformer_b1_6ch_corrected,82-20,608,316377560,0.24734426888374494,0.3217626179978544,0.7757205473106247,8,,0.48431637133867067,0.2588575909542871,0.24528926067643092,0.8970423249009823,,0.09324860319958855,0.0,0.0,,0.0
segformer_b1_6ch_corrected,82-21,313,194724135,0.3078044166997255,0.3815762836527636,0.8896872080083961,8,,0.7109671995914375,0.29460151791437805,0.3628149326144893,0.942136462353824,0.0,0.15191522112367534,0.0,0.0,,0.0
segformer_b1_6ch_corrected,82-22,1360,1014086946,0.26582390220544166,0.3345098201220972,0.9257844691750918,7,,0.46720699815557537,0.24913316610888459,0.17268381019068738,0.9542281126158485,0.0,0.008124342578752145,0.009390885788343533,0.0,,0.0
segformer_b1_6ch_corrected,82-24,1529,642911577,0.14830884264531033,0.20149293764614404,0.6738864262200088,8,,0.22387457342829054,0.10527240506375736,0.055738306666650354,0.7544956619596729,0.0,0.0,0.0,0.047089794044111545,,
segformer_b1_6ch_corrected,83-25,3630,2887492462,0.30182042034449946,0.38639762570335573,0.9892116778104337,6,,0.362276937468129,0.09688164071191832,0.2159769601571381,0.9908671882715038,0.0,0.13070767299544955,0.0,0.01421212246285803,,0.0
segformer_b1_6ch_corrected,83-26,1228,946025258,0.5224895681944234,0.6046755362401541,0.9923063586955518,3,,0.4845431552951802,0.0,0.08970735251220108,0.993218196775889,,0.0,,0.0,,0.0
segformer_b1_6ch_corrected,83-31,1020,836776918,0.999812304813121,0.999906143598363,0.999812304813121,1,,0.0,,0.0,0.999812304813121,,,0.0,,,
segformer_b1_6ch_corrected,83-34,10,1067196,0.32538562310204,0.46013695179711356,0.4131771483401362,2,,0.0,0.0,0.13773186394377987,0.5130393822603001,,,,,,
segformer_b1_6ch_corrected,84-40,5269,2226168062,0.18341219139809736,0.24099226490392325,0.7723454357957634,9,,0.4686607489677886,0.15498181779645964,0.08499218600088393,0.841608695090492,0.0,0.055485751620847366,0.0013409409890573108,0.042142155669868224,,0.00149742644747908
segformer_b1_6ch_corrected,84-41,343,181155748,0.5521088608253225,0.620044884396198,0.9896213008929753,5,,0.892943478924581,0.0033470739527181764,0.22570938407368762,0.9898571711421487,,0.0,,0.0,,0.6486871960334774
segformer_b1_6ch_corrected,85-45,401,50907628,0.7300457684038307,0.8376284460578575,0.8944669549325692,3,,0.0,,0.5618177357378241,0.7641308289119068,,,,,,0.8641887405617611
segformer_b1_6ch_corrected,85-48,150,21881576,0.9175275885097728,0.9568481653967013,0.9642897294052312,3,,,,0.8860224801889722,0.9340351330983495,,,,,,0.9325251522419971
segformer_b1_6ch_unw,82-11,1441,1271017403,0.6226181945467679,0.7014288155014131,0.9881413622154787,2,,0.0,0.0,0.25682124572861614,0.9884151433649198,,,,0.0,,
segformer_b1_6ch_unw,82-13,1043,863989206,0.43769008868367776,0.49551296964104025,0.9676327160040932,4,,0.6547850753510207,0.0,0.10282750668463324,0.9880124299108392,,,0.005135342788217903,0.0,,0.0
segformer_b1_6ch_unw,82-16,378,306829357,0.5215219945646857,0.5506481629996451,0.9853621894465594,2,,0.0,0.0,0.05736726001965709,0.9856767291097143,,,,0.0,,
segformer_b1_6ch_unw,82-19,591,433222749,0.17077800180472985,0.2170169596238844,0.8670387782429219,8,,0.23167798142260457,0.023811033381887198,0.1721975236575297,0.9015067904994286,,0.0,0.0,0.0,,0.03703068547638896
segformer_b1_6ch_unw,82-20,608,316377560,0.22576111870616472,0.2923576770766977,0.7648748033836534,8,,0.4202961871812865,0.2523623893312988,0.2583559302802404,0.8750744428564922,,0.0,0.0,0.0,,0.0
segformer_b1_6ch_unw,82-21,313,194724135,0.27216824910205306,0.33002906183237685,0.887497638646591,8,,0.688089596016817,0.24378577046514902,0.29921960206641424,0.9462510242680443,,0.0,0.0,0.0,,0.0
segformer_b1_6ch_unw,82-22,1360,1014086946,0.21056732620393986,0.26416730689212575,0.9071608836191448,7,,0.32768412051067086,0.09223354592052774,0.10547642513411044,0.9331259827405092,,0.0,0.015451209121760876,0.0,,0.0
segformer_b1_6ch_unw,82-24,1529,642911577,0.19237775845734773,0.25169845029643845,0.7485025487416289,8,,0.43066029574669507,0.16243730284711239,0.06661250266498413,0.824980176553862,0.0,0.0,0.0,0.05433178984612835,,
segformer_b1_6ch_unw,83-25,3630,2887492462,0.3064765649064688,0.3768800854189344,0.9903605088614773,6,,0.5159372149375929,0.13208913411365514,0.15815829707777396,0.9920242144918454,,0.0,0.0,0.04065052881794521,,0.0
segformer_b1_6ch_unw,83-26,1228,946025258,0.5236760549957769,0.609925649364557,0.9943159910853036,3,,0.468268738901322,0.0,0.10765107162515056,0.9951083544608579,,,,,,
segformer_b1_6ch_unw,83-31,1020,836776918,0.9997322882656283,0.9998661262130223,0.9997322882656283,1,,0.0,0.0,0.0,0.9997322882656283,,,0.0,,,0.0
segformer_b1_6ch_unw,83-34,10,1067196,0.3176776017712055,0.4528023678211505,0.4148741187185859,2,,0.0,0.0,0.13611342070276455,0.4992417828396465,,,,,,
segformer_b1_6ch_unw,84-40,5269,2226168062,0.17931744772188385,0.23386814997541722,0.773882309879262,9,,0.47901639756318243,0.18173314097285692,0.08987022616024319,0.8213265281583483,0.0,0.0016733368804990709,0.01460536832419877,0.00848489698717999,,0.0171471344504461
segformer_b1_6ch_unw,84-41,343,181155748,0.4852335327181403,0.5633859474476888,0.9828080972622519,5,,0.8237388311012053,0.0,0.19424750085203243,0.9826304686302073,,,0.0,0.0,,0.42555086300725653
segformer_b1_6ch_unw,85-45,401,50907628,0.7712055260205188,0.8640599260565448,0.9204429049414755,3,,0.0,,0.5875571061394049,0.8231817735920693,,,,,,0.9028776983300824
segformer_b1_6ch_unw,85-48,150,21881576,0.9330726974990102,0.965318960790215,0.9701215305515472,3,,,,0.9126152473301637,0.9450455207945069,,,,,,0.9415573243723602
segformer_b1_rgb,82-11,1441,1271017403,0.5894092977826466,0.6559900060955045,0.9906021577896522,2,,0.0,0.0,0.18810256252478522,0.9907160330405079,,,,,,
segformer_b1_rgb,82-13,1043,863989206,0.43684062328907997,0.5091813946555113,0.9625534407428696,4,,0.6093584522867822,0.0,0.10980568576039874,0.9802205863187969,0.0,0.0,0.047977768790342,0.0,,0.0
segformer_b1_rgb,82-16,378,306829357,0.6332944007775138,0.7114089357990048,0.9974886105829828,2,,0.0,0.0,0.269093237921836,0.9974955636331915,,,,,,
segformer_b1_rgb,82-19,591,433222749,0.2448995136027433,0.3068128524498266,0.8849502753143741,8,,0.5821193189211112,0.020856223750053304,0.11741716031144452,0.9010922859529328,0.0,0.320020325203252,0.0,0.0,,0.017690794683152735
segformer_b1_rgb,82-20,608,316377560,0.25125440378126,0.3316202713517944,0.7675004794903911,8,,0.4252378752289672,0.220757026396619,0.3051144587279734,0.8942065883821569,0.0,0.16471928151436355,0.0,0.0,,0.0
segformer_b1_rgb,82-21,313,194724135,0.31971023180057245,0.3947154731865524,0.89412328369054,8,,0.7261657462988974,0.37534916966685816,0.3503621624898321,0.9429749833108839,0.0,0.16105750734807564,0.0017722852900320927,0.0,,0.0
segformer_b1_rgb,82-22,1360,1014086946,0.2477530480555846,0.3178753520658835,0.9146225712287198,7,,0.369431606916268,0.22000006625413515,0.14203093874619502,0.9488096614140162,0.0,0.053999063058477875,0.0,0.0,,0.0
segformer_b1_rgb,82-24,1529,642911577,0.22629888769028667,0.2921409146829315,0.7799328149289183,8,,0.5116332398380271,0.15961474965699468,0.05828965896439489,0.9043080146543168,0.03235169566291421,0.02681681107713218,0.0,0.11737693166851344,,0.0
segformer_b1_rgb,83-25,3630,2887492462,0.291527833819661,0.38066806084132393,0.9655739582671853,6,,0.10014443955281295,0.2338677553646397,0.21677759011108289,0.9671170013500874,0.0,0.21943070214333346,0.0,0.011829514396009964,,0.0
segformer_b1_rgb,83-26,1228,946025258,0.49716091359867837,0.5790688675604004,0.9939018160971765,3,,0.41128892013838403,0.0,0.08506496164164558,0.9951288590160057,,0.0,,,,
segformer_b1_rgb,83-31,1020,836776918,0.9993578431856315,0.9996788184683612,0.9993578431856315,1,,0.0,0.0,0.0,0.9993578431856315,,0.0,0.0,,,
segformer_b1_rgb,83-34,10,1067196,0.5299224263863669,0.6927137223567437,0.6867492007091481,2,,0.0,0.0,0.5373068017145807,0.522538051058153,,,,,,
segformer_b1_rgb,84-40,5269,2226168062,0.233389468213592,0.30697664377015044,0.8120700385827384,9,,0.5317568667843173,0.17708665501256174,0.29638756580493286,0.9031334234765488,0.0,0.05976052349942145,0.06647910139960289,0.06534311693203951,,0.0005579610129032775
segformer_b1_rgb,84-41,343,181155748,0.44963110114344573,0.5028139403250401,0.9381084998749253,5,,0.9060877490781482,0.0,0.020460118319422436,0.9365750777091425,,0.0,0.0,0.0,,0.3850325606105156
segformer_b1_rgb,85-45,401,50907628,0.6991305810022782,0.8124578611566345,0.8839845769282356,3,,,,0.4898784560816256,0.7415464735968217,,0.0,0.0,,,0.8659668133283874
segformer_b1_rgb,85-48,150,21881576,0.8987056327964126,0.9456208749605345,0.9656798943549587,3,,0.0,,0.8157525146743907,0.9376085859731806,,,,,,0.9427557977416662
segformer_b1_rgb_unw,82-11,1441,1271017403,0.5596676469881414,0.6117640250402436,0.9899442651455183,2,,0.0,0.0,0.12887134059114505,0.9904639533851377,,,,,,
segformer_b1_rgb_unw,82-13,1043,863989206,0.42610351492852194,0.48567574989625434,0.9625918162222966,4,,0.6192623368534813,0.0,0.10306559817978017,0.9820861246808265,,,0.0,0.0,,
segformer_b1_rgb_unw,82-16,378,306829357,0.5909417771391837,0.6553965237449515,0.996705106675956,2,,0.0,0.0,0.1851272757961373,0.9967562784822301,,,,,,
segformer_b1_rgb_unw,82-19,591,433222749,0.19274213661586226,0.24169465803016726,0.877628688423285,8,,0.4421555875079,0.0824279730884998,0.12741560120470125,0.8897485051699985,,0.0,0.0,0.0,,0.0001894259557986403
segformer_b1_rgb_unw,82-20,608,316377560,0.2485154407259053,0.3157015829015598,0.7891013224831749,8,,0.4788724418363472,0.2682874559865624,0.3367942760658007,0.9032240155778132,,0.0,0.0,0.0,,0.000945336340719119
segformer_b1_rgb_unw,82-21,313,194724135,0.3084202540994806,0.3771612646529013,0.8968192617725584,8,,0.7181016113713655,0.34916870831714514,0.3759824379521357,0.9459030569424635,,0.0,0.07820621821273475,0.0,,0.0
segformer_b1_rgb_unw,82-22,1360,1014086946,0.23038502793214471,0.29215200841444805,0.9110309472418748,7,,0.33749877676342005,0.18713970612960523,0.14615211568353925,0.9419045969484485,,0.0,0.0,0.0,,0.0
segformer_b1_rgb_unw,82-24,1529,642911577,0.21327284506223487,0.2709766109770803,0.7761913564048326,8,,0.48411616743417807,0.21581414158614723,0.04285069820103286,0.8902881859106296,0.0,0.0,0.0,0.07311356736589135,,0.0
segformer_b1_rgb_unw,83-25,3630,2887492462,0.2510873008250835,0.3149703818193549,0.9392846068666204,6,,0.05858158966320401,0.2717725118535995,0.23425194489872364,0.9405023355049527,,0.0,0.0,0.0014154230300214854,,0.0
segformer_b1_rgb_unw,83-26,1228,946025258,0.47000366855333325,0.5404398654155623,0.9933174152100704,3,,0.3747600240795245,0.0,0.041172340219183395,0.9940786413612918,,,,,,0.0
segformer_b1_rgb_unw,83-31,1020,836776918,0.9976935537316052,0.9988454454067359,0.9976935537316052,1,,0.0,0.0,0.0,0.9976935537316052,,,0.0,,,
segformer_b1_rgb_unw,83-34,10,1067196,0.48977798951391693,0.6572226527047857,0.6404053238580355,2,,0.0,0.0,0.4676800071020757,0.5118759719257582,,,,,,
segformer_b1_rgb_unw,84-40,5269,2226168062,0.21888927873253364,0.2807659346185822,0.812025166409022,9,,0.5403196556459082,0.18303004087189118,0.2841447484205146,0.8967615737632179,0.0,0.010665500552174977,0.009233623758429524,0.041290543377547145,,0.0045578222031191955
segformer_b1_rgb_unw,84-41,343,181155748,0.44681643360332435,0.5090787214744108,0.9673965906949858,5,,0.8432439166086061,0.0006468178521727199,0.05961313851524477,0.9667642581698842,,,0.0,0.0,,0.36381403687071423
segformer_b1_rgb_unw,85-45,401,50907628,0.6877085049598421,0.7999677007624554,0.8841205683360458,3,,0.0,,0.43921326084302037,0.7464409229390593,,,,0.0,,0.8774713310974467
segformer_b1_rgb_unw,85-48,150,21881576,0.9129698610728006,0.9539286637850889,0.9688977155941602,3,,,,0.8499988716833131,0.9431306820579521,,,,,,0.9457800294771366
swin_upernet_10ch,82-11,1441,1271017403,0.645804308980005,0.7281815318584289,0.991360010512775,2,,0.0,0.0,0.29858702805574516,0.9930215899042648,,,,,,
swin_upernet_10ch,82-13,1043,863989206,0.44705370223701113,0.5138116961625379,0.9665539432676662,4,,0.6530516413297978,0.0,0.1310036252718245,0.9825726147025678,,0.0,0.021586927643854364,0.0,,0.0
swin_upernet_10ch,82-16,378,306829357,0.5241269930853886,0.558818118137677,0.9800668943161133,2,,0.0,,0.06821469673667171,0.9800392894341053,,,0.0,0.0,,
swin_upernet_10ch,82-19,591,433222749,0.372495656366866,0.46054904867357205,0.9380772222559347,8,,0.6762723751412558,0.1037726881305983,0.45214821042486136,0.9587954792130172,,0.2235186402479106,0.0,0.0,,0.5654578577772847
swin_upernet_10ch,82-20,608,316377560,0.30264982818668773,0.3827074950747502,0.8403865052881753,8,,0.6488033237789159,0.3071071747062743,0.3907554307715052,0.9019348314681229,,0.17259786476868327,0.0,0.0,,0.0
swin_upernet_10ch,82-21,313,194724135,0.3867710521731882,0.46389434537157703,0.9257661768532185,8,,0.787763772613643,0.4901240604282845,0.5722683927161655,0.9590265446285864,,0.25477165729048046,0.0277317202047993,0.0024822695035460994,,0.0
swin_upernet_10ch,82-22,1360,1014086946,0.2660807731198909,0.33789038011730504,0.9205152237508439,7,,0.45925573636701267,0.16291076310255684,0.2614139969408072,0.9422454546307509,,0.03673946079810885,0.0,0.0,,0.0
swin_upernet_10ch,82-24,1529,642911577,0.2102126914349775,0.25725403626008614,0.8034351588601119,8,,0.5586821521667943,0.10477067024324105,0.07480796269707378,0.9139775963206481,0.0,0.0,0.0,0.029463150052062723,,0.0
swin_upernet_10ch,83-25,3630,2887492462,0.3139369861103611,0.4111385640315462,0.9810506978909648,6,,0.18882427916700004,0.10514306166890451,0.2908825486241423,0.9826762600028489,,0.2636434586157322,0.0,0.05245230858353835,,
swin_upernet_10ch,83-26,1228,946025258,0.5360696857248638,0.6368108258660538,0.9942132908675468,3,,0.4257222275478841,0.0,0.18744942881271748,0.9950374008139897,,0.0,0.0,,,0.0
swin_upernet_10ch,83-31,1020,836776918,0.9992090580108473,0.999604372546241,0.9992090580108473,1,,0.0,0.0,0.0,0.9992090580108473,,,0.0,,,0.0
swin_upernet_10ch,83-34,10,1067196,0.31505606693694155,0.455659793522021,0.4277377351489323,2,,0.0,0.0,0.1528610822897536,0.4772510515841295,,,,0.0,,
swin_upernet_10ch,84-40,5269,2226168062,0.22182530540262357,0.2953106821290265,0.8029909230635616,9,,0.5465369060309015,0.1679437300027049,0.19097782359321058,0.868406220057998,0.0,0.10192324018121059,0.07780883452569777,0.016303554450413794,,0.026527439781475044
swin_upernet_10ch,84-41,343,181155748,0.5487678540998128,0.5830357244782043,0.9590105912620559,5,,0.8753682500961723,0.0,0.036423466760446624,0.9578273870510394,,,0.0,0.0,,0.8742201665914057
swin_upernet_10ch,85-45,401,50907628,0.9149711317704198,0.9555718951580859,0.9568763447395349,3,,,,0.9122394878578626,0.9048790067946566,,,,,,0.9277949006587402
swin_upernet_10ch,85-48,150,21881576,0.9607902088909143,0.9799282878303147,0.9750430224952719,3,,,,0.98407332073717,0.9534221702271279,,,,,,0.9448751357084451
swin_upernet_10ch_unw,82-11,1441,1271017403,0.6845929360765595,0.7716202070840095,0.9922931070991795,2,,0.0,0.0,0.37626690791297623,0.9929189642401427,,,,0.0,,
swin_upernet_10ch_unw,82-13,1043,863989206,0.43712386783722845,0.5077111571141418,0.9641919994079186,4,,0.6053395269592026,0.0,0.14274399104112392,0.9821522673549868,,,0.018259685993600533,0.0,,0.0
swin_upernet_10ch_unw,82-16,378,306829357,0.4892367152896893,0.5405897362187645,0.9099857775343185,2,,0.0,0.0,0.068580880958255,0.9098925496211236,,,,0.0,,
swin_upernet_10ch_unw,82-19,591,433222749,0.34082140480950335,0.41407279957984455,0.9331276576152283,8,,0.6451933850886817,0.11452962730353744,0.5149283810327419,0.9494770108161819,,0.0,0.0,0.0,,0.5024428342348837
swin_upernet_10ch_unw,82-20,608,316377560,0.27123587322353765,0.3451720317301745,0.8229012259908699,8,,0.6317942659769765,0.27659533177127066,0.3161980653485052,0.8718204833228399,,0.007238944104504887,0.04897201417711228,0.0,,0.017267881087091604
swin_upernet_10ch_unw,82-21,313,194724135,0.36975837351578644,0.42675806230747243,0.9321683365033308,8,,0.8025100678277639,0.5475680558323065,0.6046037546285786,0.9616339891136887,0.0,0.023436746503777528,0.015282222648481116,0.0030321515716951342,,0.0
swin_upernet_10ch_unw,82-22,1360,1014086946,0.25254899606447745,0.3242507371679288,0.915469580455481,7,,0.343883624784334,0.2585031466413227,0.23657472227681553,0.9279158653161143,,0.0009656134327557535,0.0,0.0,,0.0
swin_upernet_10ch_unw,82-24,1529,642911577,0.2085884177887788,0.25840071247451246,0.8019208946364953,8,,0.5364800352568173,0.10982517430329976,0.07227417379178967,0.9052557724482386,0.0,0.0,0.0,0.04487218651008502,,0.0
swin_upernet_10ch_unw,83-25,3630,2887492462,0.2951610678217859,0.36771333739869166,0.9921057684825222,6,,0.4018421656639087,0.08486895835496937,0.24855232857110918,0.9938145997981733,,0.008461091052752872,0.0,0.03342726348980212,,0.0
swin_upernet_10ch_unw,83-26,1228,946025258,0.539126461667876,0.6308317423453468,0.9946159915320146,3,,0.4836534695018421,0.0,0.13812453271920141,0.9956013827825845,,,0.0,,,0.0
swin_upernet_10ch_unw,83-31,1020,836776918,0.9991470617978973,0.9995733489454569,0.9991470617978973,1,,0.0,0.0,0.0,0.9991470617978973,,,0.0,,,0.0
swin_upernet_10ch_unw,83-34,10,1067196,0.35315981612486214,0.5103806692085211,0.4823893642779771,2,,0.0,0.0,0.23376371172230884,0.4725559205274154,,,,,,
swin_upernet_10ch_unw,84-40,5269,2226168062,0.1953404661349019,0.2573697521611244,0.7860645590377713,9,,0.49854429839113495,0.1529143384268639,0.12132520587295226,0.856224297010301,0.0,0.043107041890570644,0.05986145420478501,0.022783274056263163,,0.0033042853612461937
swin_upernet_10ch_unw,84-41,343,181155748,0.5577900577842249,0.599337817586954,0.974230014495593,5,,0.8932526699508441,0.010505923552641383,0.07072187070081735,0.9736399385261104,,,0.0,0.0,,0.840829886190711
swin_upernet_10ch_unw,85-45,401,50907628,0.8966206568430728,0.9453616428145547,0.9523485949885545,3,,,,0.8715072540410912,0.8950645467941093,,,,0.0,,0.9232901696940177
swin_upernet_10ch_unw,85-48,150,21881576,0.9696832874250724,0.9845328397229457,0.9796336424762092,3,,,,0.9932645730270402,0.9621038499480897,,,,,,0.953681439300087
swin_upernet_6ch,82-11,1441,1271017403,0.5889823306945084,0.6548394109908643,0.9905163651012574,2,,0.0,0.0,0.18605811943358105,0.9919065419554359,,,,,,
swin_upernet_6ch,82-13,1043,863989206,0.45671078440102036,0.5192494940210822,0.9681931419870077,4,,0.6878606549838389,0.0,0.139965231322488,0.9875783746864747,,0.0,0.011438876611279788,0.0,,
swin_upernet_6ch,82-16,378,306829357,0.5765424284719578,0.6352399283248309,0.9950296151094825,2,,0.0,,0.15805986362418967,0.9950249933197259,,,,,,
swin_upernet_6ch,82-19,591,433222749,0.3205720869175676,0.4005042038520503,0.9224097416915656,8,,0.5440284853024241,0.06095474592229482,0.26559219284616126,0.9429931751946758,0.0,0.12726044481396798,0.0,0.0,,0.623747651261017
swin_upernet_6ch,82-20,608,316377560,0.2963124509155379,0.3720073464975291,0.846609778519058,8,,0.6982192469989518,0.28255317526934065,0.383188783125839,0.8839182473927307,,0.11690180636731234,0.0,0.0,,0.0057183481701285855
swin_upernet_6ch,82-21,313,194724135,0.34426317089247604,0.43460035330938734,0.9005477929071298,8,,0.7158334153445222,0.3988424072671491,0.3295068521353359,0.9540882242262377,,0.2192800113384041,0.13655445682815923,0.0,,0.0
swin_upernet_6ch,82-22,1360,1014086946,0.2173575577611205,0.2781196437914301,0.906836260566557,7,,0.31752211170454653,0.06416753276046099,0.17322369514527863,0.9187647966760507,0.0,0.04782476804150671,0.0,0.0,,0.0
swin_upernet_6ch,82-24,1529,642911577,0.20090861158222978,0.25178861627567817,0.7808793385594921,8,,0.5001488415125177,0.11568519813425432,0.06524675841723797,0.8863260656582471,0.0,0.0,0.011399091627172196,0.028462937308408844,,0.0
swin_upernet_6ch,83-25,3630,2887492462,0.26792713629455456,0.34960633830637255,0.975112861437489,6,,0.14384953411395188,0.08018303833060854,0.19448899391296465,0.9762620430300835,,0.12077777222860377,0.0,0.09200143615111502,,0.0
swin_upernet_6ch,83-26,1228,946025258,0.556039247519363,0.6502510405918035,0.9947612180984707,3,,0.5138600547191882,0.0,0.15887993575652898,0.9953777520823716,,,,,,0.0
swin_upernet_6ch,83-31,1020,836776918,0.999686249710822,0.9998431002417387,0.999686249710822,1,,0.0,0.0,0.0,0.999686249710822,,,0.0,,,
swin_upernet_6ch,83-34,10,1067196,0.41604591735218693,0.579980112196771,0.5353777562884419,2,,,0.0,0.3122041957731553,0.5198876389312186,,,,,,
swin_upernet_6ch,84-40,5269,2226168062,0.19790552213997936,0.2599868431068154,0.7901583829298509,9,,0.5250783918224533,0.16876821268705458,0.09399028499162486,0.8498282992467069,0.004164595268203005,0.08037212484188244,0.03715064783902716,0.01048009967268127,,0.011317042890180694
swin_upernet_6ch,84-41,343,181155748,0.5348831790180896,0.5894131388676577,0.980926037190937,5,,0.8898589628179991,0.0,0.10741276512818433,0.9804967030327518,0.0,0.0,0.0,0.0,,0.6966474641115126
swin_upernet_6ch,85-45,401,50907628,0.7496130643672148,0.8553222051843967,0.881135396840725,3,,,,0.6841398861629671,0.7258799058506982,,,,,,0.8388194010879793
swin_upernet_6ch,85-48,150,21881576,0.9652907822752358,0.9822308018676372,0.9763039005965567,3,,0.0,,0.9934693472056645,0.956047720453664,,,,,,0.9463552791663791
swin_upernet_6ch_corrected,82-11,1441,1271017403,0.5839528462823294,0.6478480816474366,0.9904970121011002,2,,0.0,,0.17646743031843906,0.9914382622462197,,0.0,,,,
swin_upernet_6ch_corrected,82-13,1043,863989206,0.4531964055043458,0.5185897960926917,0.9660368754653169,4,,0.6653257471046294,0.0,0.15309646998558452,0.9858308001925719,,0.0,0.0085326047345972,0.0,,0.0
swin_upernet_6ch_corrected,82-16,378,306829357,0.5325140834927478,0.5631686422713682,0.9966416968373727,2,,0.0,,0.06838729758880034,0.9966408693966953,,,,,,
swin_upernet_6ch_corrected,82-19,591,433222749,0.2794786729789397,0.36292835465297785,0.9031737850867106,8,,0.4658197862444718,0.008493900708367166,0.25466734487319415,0.9272711713683911,,0.19759887354561398,0.0,0.0,,0.38197830709147956
swin_upernet_6ch_corrected,82-20,608,316377560,0.32052234872015695,0.39625370388264586,0.8629226769433331,8,,0.7230449091679017,0.3492335795054427,0.43041165995098885,0.9148660777384744,0.0,0.14662256339844806,0.0,0.0,,0.0
swin_upernet_6ch_corrected,82-21,313,194724135,0.3518662232745557,0.432017467532929,0.9081566699474618,8,,0.7554437965533478,0.45023919020910197,0.4171491959336958,0.9499699135105956,,0.2078751412038638,0.021563447211280274,0.0,,0.01268910157456005
swin_upernet_6ch_corrected,82-22,1360,1014086946,0.2849008719719047,0.35496506379079257,0.9317856794500143,7,,0.5960657685529116,0.20999842391427256,0.1791030022696387,0.9492803978785607,0.0,0.0598585111879496,0.0,0.0,,0.0
swin_upernet_6ch_corrected,82-24,1529,642911577,0.17185032878801332,0.2177612837059744,0.7347837648286741,8,,0.38494218142128983,0.08624537987133885,0.03944112673757834,0.8465701769497959,0.0,0.0,0.0,0.017603765324103734,,0.0
swin_upernet_6ch_corrected,83-25,3630,2887492462,0.34385794987838264,0.43280752939770323,0.9942167218720864,6,,0.5272589579795528,0.0465100311192214,0.2645109776703806,0.9955535281822034,,0.17368067107917742,0.0,0.05563353323976011,,0.0
swin_upernet_6ch_corrected,83-26,1228,946025258,0.5338038820567291,0.6173153910643867,0.9945561189234126,3,,0.5056496506760761,0.0,0.10050593007765052,0.9952560654164606,,0.0,,,,0.0
swin_upernet_6ch_corrected,83-31,1020,836776918,0.9997639824955115,0.9998819773200465,0.9997639824955115,1,,0.0,0.0,0.0,0.9997639824955115,,,0.0,,,
swin_upernet_6ch_corrected,83-34,10,1067196,0.39171167252925776,0.5523709025312842,0.5075093984610137,2,,0.0,0.0,0.27290434859598206,0.5105189964625334,,,0.0,,,
swin_upernet_6ch_corrected,84-40,5269,2226168062,0.18849117563067128,0.24907176362200836,0.779597733713242,9,,0.4966905680269807,0.14700335457380323,0.06423872293174027,0.8344597132036163,0.0,0.06503972239978084,0.007945169671911983,0.0673479430766235,,0.013695386791584515
swin_upernet_6ch_corrected,84-41,343,181155748,0.5171943625352216,0.5702378773690999,0.9740494461152842,5,,0.8879611248206901,0.0011616757633869303,0.0704603694164137,0.9735074029667881,,0.0,0.0,0.0,,0.6528812397088292
swin_upernet_6ch_corrected,85-45,401,50907628,0.7662510089273892,0.865191555919048,0.8990506491482966,3,,0.0,,0.6629928026876197,0.7718902296138244,,,0.0,,,0.8638699944807237
swin_upernet_6ch_corrected,85-48,150,21881576,0.9635337424316446,0.9812750338104067,0.9742077078908759,3,,,,0.9971702143610041,0.9519808548295464,,,,,,0.9414501581043832
swin_upernet_6ch_unw,82-11,1441,1271017403,0.5856126555611404,0.6503922055346242,0.9905133014138595,2,,0.0,,0.18011412868846738,0.9911111824338134,,,,,,
swin_upernet_6ch_unw,82-13,1043,863989206,0.5046276598348953,0.597000925149227,0.9715211789347284,4,,0.6935743081433344,0.0,0.1327045796865459,0.9863122607545242,,0.0,0.20591949075517663,0.0,,0.0
swin_upernet_6ch_unw,82-16,378,306829357,0.5233345688838668,0.5545203197133246,0.9846515468857173,2,,0.0,0.0,0.0620035199718914,0.984665617795842,,,,0.0,,
swin_upernet_6ch_unw,82-19,591,433222749,0.27120165925919026,0.34026095812733,0.9101991109889753,8,,0.5201363611768083,0.02262314324114622,0.292282581924336,0.9271424386555881,,0.0,0.0,0.0,,0.40742874907564325
swin_upernet_6ch_unw,82-20,608,316377560,0.2684015514775585,0.333291395763596,0.8262665500043682,8,,0.6430407977182564,0.24752448780982686,0.3456256114218555,0.8972696501439053,,0.012189520545525209,0.0,0.0,,0.0015623441810989596
swin_upernet_6ch_unw,82-21,313,194724135,0.33122003324776417,0.4088180444898254,0.9039089838555452,8,,0.7269473623403607,0.3767159902643364,0.3895729336192744,0.9530721059098197,,0.011299435028248588,0.1921524388200735,0.0,,0.0
swin_upernet_6ch_unw,82-22,1360,1014086946,0.22391961847627134,0.2843486453723895,0.9097994206899099,7,,0.34813792970833213,0.11631367497722603,0.18060803051408683,0.9223776941342545,0.0,0.0,0.0,0.0,,0.0
swin_upernet_6ch_unw,82-24,1529,642911577,0.19882421299014874,0.2453350050475379,0.780781101100004,8,,0.5144643702207989,0.09083875690291354,0.06712488940303522,0.894522635134278,0.0059446785663243035,0.0,0.0,0.017698373693839912,,
swin_upernet_6ch_unw,83-25,3630,2887492462,0.25923393485135493,0.3278332195655091,0.983287029616495,6,,0.25480227109700865,0.08074026288255728,0.1522984093178819,0.9843613105871167,,0.004971789285514776,0.0,0.07822956593805035,,0.0
swin_upernet_6ch_unw,83-26,1228,946025258,0.5485841893992371,0.6440361641779306,0.994742646712716,3,,0.4888808646542558,0.0,0.1611228898452471,0.9957488136982086,,,0.0,0.0,,0.0
swin_upernet_6ch_unw,83-31,1020,836776918,0.9995780249282641,0.9997889679389975,0.9995780249282641,1,,0.0,0.0,0.0,0.9995780249282641,,,,,,
swin_upernet_6ch_unw,83-34,10,1067196,0.4434815244971271,0.6109338282316163,0.5749225072057991,2,,0.0,0.0,0.3707436095190008,0.5162194394752534,,,,0.0,,
swin_upernet_6ch_unw,84-40,5269,2226168062,0.20611398539346204,0.27009841760684494,0.8033581653279509,9,,0.5476411746168839,0.17719633185780392,0.1005028277090903,0.8642269767256814,0.0,0.03373254503791667,0.0877911140172204,0.0315975505537024,,0.01233734802285975
swin_upernet_6ch_unw,84-41,343,181155748,0.5009778780940827,0.5720165892592125,0.9799899034945333,5,,0.7491283472847756,0.0,0.12844261388766032,0.9797389607566264,,,0.0,,,0.6475794685413511
swin_upernet_6ch_unw,85-45,401,50907628,0.7170470631206908,0.8270996549020362,0.8896989464918695,3,,0.0,,0.5307918437082987,0.7498578218891588,,,,,,0.8704915237646147
swin_upernet_6ch_unw,85-48,150,21881576,0.9701133292765451,0.9847589789601917,0.9800544988167215,3,,,,0.9929124456262555,0.9630940927360517,,,,,,0.9543334494673286
swin_upernet_rgb,82-11,1441,1271017403,0.6445025423464632,0.7270166797957878,0.9914116596875582,2,,0.0,0.0,0.29709770669935187,0.9919073779935746,,0.0,,0.0,,
swin_upernet_rgb,82-13,1043,863989206,0.45172920333099864,0.5191338470522009,0.9673438570712884,4,,0.6506168146378616,0.0,0.15595888931297447,0.9879834839597036,,,0.01235762541345488,0.0,,
swin_upernet_rgb,82-16,378,306829357,0.5198534396395336,0.5400392595763024,0.9972053521593112,2,,0.0,0.0,0.042456876723501284,0.9972500025555658,,,,,,
swin_upernet_rgb,82-19,591,433222749,0.21425648273443995,0.278083054805395,0.8825591451108215,8,,0.4716345087066111,0.04124062893072268,0.14500092293775177,0.8841167372547578,0.0,0.12245055624227441,0.0,0.0,,0.04960850780340174
swin_upernet_rgb,82-20,608,316377560,0.3036440708562339,0.3828658548151415,0.8415139809536428,8,,0.6792170950061055,0.3287661236926478,0.4090667821257961,0.872137000236238,,0.13724609813471805,9.429104017523628e-05,0.0026251766141910026,,0.0
swin_upernet_rgb,82-21,313,194724135,0.3393023484321995,0.4131941391253474,0.9094979828771611,8,,0.75500342516423,0.470344739965193,0.40264514026650944,0.9469346316015713,0.0,0.09616502768157342,0.04332582277851871,0.0,,0.0
swin_upernet_rgb,82-22,1360,1014086946,0.28759774309740177,0.364552017230082,0.9280494386720959,7,,0.5273632480469579,0.28305682394680953,0.16527806592492125,0.9490017486356096,,0.08848431512751408,0.0,0.0,,0.0
swin_upernet_rgb,82-24,1529,642911577,0.2376381246036272,0.3055104216363184,0.8085820517119107,8,,0.5870414802316828,0.14042706295892615,0.04404364714050072,0.8752055212396732,0.0640621733807149,0.0,0.0,0.19032511187751988,,0.0
swin_upernet_rgb,83-25,3630,2887492462,0.26982327029952385,0.35114245724525334,0.9210767099831134,6,,0.048044376392619395,0.18479336282963688,0.14377554967003048,0.9223270267048874,,0.31106940048037923,0.0,0.00892990571958967,,0.0
swin_upernet_rgb,83-26,1228,946025258,0.540284510974309,0.6156868094237561,0.9950687764829214,3,,0.5501880803148876,0.0,0.07488895124910891,0.9957765013589305,,0.0,,,,
swin_upernet_rgb,83-31,1020,836776918,0.9956150977386306,0.9978027314654322,0.9956150977386306,1,,0.0,0.0,0.0,0.9956150977386306,,,,,,
swin_upernet_rgb,83-34,10,1067196,0.5306037509907664,0.6931453384240465,0.6707521392508967,2,,0.0,0.0,0.5126034101060317,0.5486040918755011,,,,,,
swin_upernet_rgb,84-40,5269,2226168062,0.22587459032849003,0.29665042003206454,0.818646776992527,9,,0.5858721965150859,0.18013143503461512,0.15582109942153902,0.8935672917981938,0.010964770258720287,0.07906803215997911,0.0400134836619153,0.0548363897963029,,0.0325966143100586
swin_upernet_rgb,84-41,343,181155748,0.5046368990053599,0.5665341101591856,0.9782250574792691,5,,0.869932242418628,0.0,0.10140053517051688,0.9780407006648324,,0.0,,0.0,,0.5738110167728223
swin_upernet_rgb,85-45,401,50907628,0.6706045969064306,0.7937652106162364,0.8614614689963556,3,,0.0,,0.4888768589349334,0.6824639866792322,,,,,,0.840472945105126
swin_upernet_rgb,85-48,150,21881576,0.9641633698519984,0.9816878678682622,0.9771017407521286,3,,,,0.9861745241650025,0.9574575037380136,,,,,,0.9488580816529786
swin_upernet_rgb_unw,82-11,1441,1271017403,0.5835732999631231,0.6473679471273632,0.9903013043166019,2,,0.0,0.0,0.17585407332485725,0.9912925266013891,,,,0.0,,
swin_upernet_rgb_unw,82-13,1043,863989206,0.46121273270195623,0.530539691480219,0.9659308671965052,4,,0.675490476835599,0.0,0.16196211154047177,0.9844254420152435,,,0.022972900416510608,0.0,,0.0
swin_upernet_rgb_unw,82-16,378,306829357,0.5392335073057787,0.5743100667384554,0.9974216059123704,2,,0.0,0.0,0.0810223043174768,0.9974447102940805,,,,,,
swin_upernet_rgb_unw,82-19,591,433222749,0.2443656692237557,0.30651405071761184,0.898079066480417,8,,0.42417811074639333,0.024074514154374085,0.10935764419716533,0.8981723023970258,0.0,0.0,0.0,0.0,,0.49914278229508696
swin_upernet_rgb_unw,82-20,608,316377560,0.2937511842633941,0.3628338060849544,0.8455799109140357,8,,0.6707826890864448,0.32953685695783824,0.4191895416605834,0.8959015916917986,,0.01738720697373071,0.00012513054958913827,0.002253962088710769,,0.01483249509845708
swin_upernet_rgb_unw,82-21,313,194724135,0.3260477558647076,0.3921962674921735,0.9098817617035505,8,,0.7328581599265764,0.4581372791787315,0.4053299593109365,0.9557263991982885,0.0,0.0390665626625065,0.017263686640621036,0.0,,0.0
swin_upernet_rgb_unw,82-22,1360,1014086946,0.289256644105715,0.35804594807512713,0.9336016371519292,7,,0.5674202149108143,0.3120497376557725,0.19344540355681203,0.9470255609900532,0.0,0.00485559162655323,0.0,0.0,,0.0
swin_upernet_rgb_unw,82-24,1529,642911577,0.22455430432177534,0.2850913774846498,0.8039204899867591,8,,0.5760430986265408,0.12777930872268536,0.04357258115502818,0.8822582231855401,0.04080998240520259,0.0,0.0,0.12597124047920574,,0.0
swin_upernet_rgb_unw,83-25,3630,2887492462,0.2616657950073706,0.34253742697523987,0.9502737375457779,6,,0.07395705950561961,0.21476681765266464,0.12593599606780548,0.9516188838176196,,0.06192202887978201,0.0,0.14179398412073219,,0.0
swin_upernet_rgb_unw,83-26,1228,946025258,0.5371009417641549,0.6125598491833268,0.9951210752979706,3,,0.5421874062310111,0.0,0.07333839614937267,0.9957770229120808,,,,,,
swin_upernet_rgb_unw,83-31,1020,836776918,0.9975721796857691,0.9987846144740498,0.9975721796857691,1,,0.0,0.0,0.0,0.9975721796857691,,,,,,
swin_upernet_rgb_unw,83-34,10,1067196,0.5651923040027031,0.7219715712153212,0.7204665309839992,2,,,0.0,0.5861972823463483,0.5441873256590579,,,,,,
swin_upernet_rgb_unw,84-40,5269,2226168062,0.23417258942185004,0.3075569232864782,0.8270606219846127,9,,0.608228122612811,0.1829822572096659,0.12479521541112129,0.9021439731947309,0.0,0.07885163958022559,0.10888884701405893,0.08594436252679927,,0.015718887247237
swin_upernet_rgb_unw,84-41,343,181155748,0.537132165721535,0.5964694582627128,0.9836953503677951,5,,0.8361962794039837,0.0,0.13209297615299148,0.9834909777207125,,,0.0,0.0,,0.7338805953299871
swin_upernet_rgb_unw,85-45,401,50907628,0.7159599641815279,0.8305536553661531,0.8740942909380889,3,,0.0,,0.5961983512016387,0.7120772263978897,,,,0.0,,0.8396043149450555
swin_upernet_rgb_unw,85-48,150,21881576,0.9698812403376,0.984634671643024,0.9797731662472575,3,,0.0,,0.9934246174519918,0.9626172008227778,,,,,,0.9536019027380306
unet_resnet34_10ch,82-11,1441,1271017403,0.6575597277494789,0.7419493371294995,0.9920273404785158,2,,0.0,0.0,0.32232804307068086,0.9927914124282768,,,,,,
unet_resnet34_10ch,82-13,1043,863989206,0.425312202781664,0.4832099138337084,0.9654209487890292,4,,0.6219243677186599,0.0,0.0952795310242254,0.984043339513689,0.0,0.0,1.572870081489384e-06,0.0,,0.0
unet_resnet34_10ch,82-16,378,306829357,0.39608637587146683,0.4469479853861398,0.7852620895072957,2,,0.0,0.0,0.00724777409623906,0.7849249776466946,,,,0.0,,
unet_resnet34_10ch,82-19,591,433222749,0.22682180582610328,0.2779914887544313,0.8969516072204232,8,,0.547766301127828,0.02148677764727641,0.25453524925874965,0.9382336163276953,0.0,0.05111902571436379,0.0010878649366657172,0.0,,0.0003456115962472001
unet_resnet34_10ch,82-20,608,316377560,0.2163310961148263,0.28636433564921415,0.7587066794497056,8,,0.4895088315189235,0.09398125634864954,0.2516987396496444,0.8057814585556572,0.0,0.08054660894974391,0.00023600525241645467,0.00043982548859646014,,0.00845604315497886
unet_resnet34_10ch,82-21,313,194724135,0.2890071202610833,0.3651193356251162,0.8735555096958063,8,,0.6462876777798258,0.17338209752256273,0.28451727266913457,0.9464374280594955,0.0,0.24669205701048333,0.0,0.0,,0.01474042904716421
unet_resnet34_10ch,82-22,1360,1014086946,0.24745059447290738,0.298951751837832,0.92458790017794,7,,0.492365535207986,0.013934573015809667,0.2597827035637835,0.9591578867931713,0.0,0.0060592639540610815,0.0008451272465339804,9.071529006213997e-06,,0.0
unet_resnet34_10ch,82-24,1529,642911577,0.1813302184704373,0.21633306773903857,0.7323684311256383,8,,0.489944368969214,0.035173475379859216,0.028491021100379797,0.8943136053845563,0.000428388946007415,0.0,0.0,0.0022908879834816934,,0.0
unet_resnet34_10ch,83-25,3630,2887492462,0.3220853579500416,0.3888478015533167,0.9834638989959725,6,,0.5916978190560147,0.022998408747722306,0.06057619246034089,0.9851869513214478,0.0,0.2580261139643318,0.0,0.014026662150391948,,0.0
unet_resnet34_10ch,83-26,1228,946025258,0.45188119237868074,0.5238311313647374,0.9774330412222461,3,,0.33508464620350564,0.0,0.04181093474195807,0.9787479961905785,,0.0,0.0,0.0,,0.0
unet_resnet34_10ch,83-31,1020,836776918,0.9991446107264637,0.999572122362261,0.9991446107264637,1,,0.0,0.0,0.0,0.9991446107264637,,0.0,0.0,,,0.0
unet_resnet34_10ch,83-34,10,1067196,0.31457549240080884,0.4654859738696038,0.4548976945190949,2,,0.0,0.0,0.1930668760299397,0.43608410877167797,,,,0.0,,
unet_resnet34_10ch,84-40,5269,2226168062,0.1852441640660612,0.24381077192220532,0.7815973850764911,9,,0.4978645979225774,0.12142202381909796,0.1735935032831628,0.8119953018668724,0.0,0.030991961045932742,0.00022639053102760097,0.0,,0.031103698125879684
unet_resnet34_10ch,84-41,343,181155748,0.39167940424894143,0.47339739776808304,0.7716018649322681,5,,0.6479423671406682,0.00044656002103504136,0.007243644876441462,0.7694289789841122,0.0,0.0,0.0,0.0,,0.5333354702224502
unet_resnet34_10ch,85-45,401,50907628,0.8004206514138729,0.8859702482749999,0.9187830161719576,3,,0.0,0.0,0.6698051424419079,0.8399318475103061,,0.0,0.0,0.0,,0.8915249642894043
unet_resnet34_10ch,85-48,150,21881576,0.9236544628565154,0.9602598955162058,0.9536069522597458,3,,0.0,0.0,0.9162965777340178,0.9428295229667983,,0.0,,,,0.91183728786873
unet_resnet34_10ch_unw,82-11,1441,1271017403,0.678300991462188,0.7649025997355339,0.992362272163161,2,,0.0,0.0,0.36363893486246524,0.9929630480619109,,,,,,
unet_resnet34_10ch_unw,82-13,1043,863989206,0.4135757298280933,0.47112934395706074,0.9631148609511679,4,,0.5907064615912039,0.0,0.08160358432327812,0.9819848014542311,,,8.071943660066998e-06,0.0,,0.0
unet_resnet34_10ch_unw,82-16,378,306829357,0.43958264266739566,0.4761329807341646,0.8675952379615357,2,,0.0,0.0,0.011777481942269779,0.8673878033925215,,,,0.0,,
unet_resnet34_10ch_unw,82-19,591,433222749,0.15804110503772228,0.19107428505649127,0.8621909141710377,8,,0.15938294294042013,0.00564742444729265,0.15762719716197315,0.9415822443389155,,0.0,4.68517937209226e-06,7.609476615153453e-05,,8.25146765340637e-06
unet_resnet34_10ch_unw,82-20,608,316377560,0.211731608436761,0.2762119604235141,0.7602888807916718,8,,0.49811108215723904,0.14515569048208277,0.2021510219567055,0.8212813519090981,0.0,0.0,0.0007722714029874326,0.0006047989202747697,,0.02577665066570057
unet_resnet34_10ch_unw,82-21,313,194724135,0.26802150449593304,0.3249784090680634,0.8821303686879903,8,,0.6681859908840547,0.20016747810601546,0.32465097968916395,0.9511490109767426,0.0,0.0,1.8576311487591023e-05,0.0,,0.0
unet_resnet34_10ch_unw,82-22,1360,1014086946,0.2527638384625054,0.30660726185057924,0.9296528820517921,7,,0.5107926695678521,0.04615035556606031,0.24909016673267428,0.962176322442472,0.0,0.0,0.0011373549284789874,0.0,,0.0
unet_resnet34_10ch_unw,82-24,1529,642911577,0.17296109389541386,0.20970201242586722,0.6981084818760388,8,,0.40132924408310156,0.046043220259133766,0.020511184833891156,0.9013590666874015,0.0,0.0,0.0,0.014446035299783035,,0.0
unet_resnet34_10ch_unw,83-25,3630,2887492462,0.2967447924459417,0.3455998109192347,0.9922555908649849,6,,0.6064260562930979,0.028924066324270352,0.14484085221679524,0.9940841326719649,,0.0,0.0,0.0061936471695217925,,0.0
unet_resnet34_10ch_unw,83-26,1228,946025258,0.41978851451497495,0.4858558836896398,0.9591594213016245,3,,0.2760072337415593,0.0,0.02315302375988321,0.9602052860434825,,,0.0,0.0,,0.0
unet_resnet34_10ch_unw,83-31,1020,836776918,0.9975513545415458,0.9987741764671596,0.9975513545415458,1,,0.0,0.0,0.0,0.9975513545415458,,,0.0,,,0.0
unet_resnet34_10ch_unw,83-34,10,1067196,0.29994639797775724,0.4375946169003119,0.4185323033444653,2,,0.0,0.0,0.13923397455459444,0.46065882140092,,,,0.0,,
unet_resnet34_10ch_unw,84-40,5269,2226168062,0.18469716785289597,0.23691446427240903,0.7918018329741,9,,0.5250231437362572,0.12197536744009944,0.1651990959617868,0.8328570901418986,2.065074631797193e-05,0.0,0.0005452930743443232,1.335105552443647e-07,,0.01665373606480393
unet_resnet34_10ch_unw,84-41,343,181155748,0.2981450437706197,0.3518692210457054,0.7973314432175788,5,,0.6481139947242014,0.006389961154881212,0.007975419357707063,0.7996056204677614,0.0,,0.0,0.0,,0.028640223148547094
unet_resnet34_10ch_unw,85-45,401,50907628,0.7319565898535642,0.8357856572869794,0.8961867757814213,3,,0.0,0.0,0.520090687373562,0.8094108224952578,,,0.0,0.0,,0.8663682596918729
unet_resnet34_10ch_unw,85-48,150,21881576,0.941302208793524,0.9696738702674136,0.9755433977881667,3,,0.0,0.0,0.9157751209997833,0.955031375591326,,,0.0,,,0.9531001297894626
unet_resnet34_6ch,82-11,1441,1271017403,0.6253739369647784,0.7036551500060017,0.9912729149311262,2,,0.0,0.0,0.25902086763041293,0.9917270062991439,,0.0,,,,
unet_resnet34_6ch,82-13,1043,863989206,0.4293712097314329,0.4875821008773818,0.9662412946858042,4,,0.6292418839995617,0.0,0.10173717404257325,0.9865050193891811,0.0,0.0,7.614944155299374e-07,0.0,,0.0
unet_resnet34_6ch,82-16,378,306829357,0.5411623192649686,0.5845686886470527,0.9856123578162047,2,,0.0,0.0,0.09672585046037885,0.9855987880695585,,,,,,
unet_resnet34_6ch,82-19,591,433222749,0.1797607535295938,0.22862873205313433,0.8610589791534701,8,,0.20301033021613762,0.004526435816452133,0.12447020320191456,0.9322330982009148,0.0,0.1738420495837358,0.0,3.911217595562221e-06,,0.0
unet_resnet34_6ch,82-20,608,316377560,0.23254311767332758,0.30570549799697677,0.7611889857169389,8,,0.4628432630505714,0.11986513857736558,0.25527033821873835,0.8863497829094638,0.0,0.09702109392482178,0.00018375321236835805,0.0024248362010899516,,0.03638673529220145
unet_resnet34_6ch,82-21,313,194724135,0.2893458037618585,0.36402528553247143,0.8740085968285338,8,,0.6609837666910674,0.2020854529284882,0.29576707247375983,0.9463475733071441,0.0,0.2020363768203517,0.0,0.0,,0.0075461878740567265
unet_resnet34_6ch,82-22,1360,1014086946,0.2462924884914082,0.30241830453582946,0.919464749721766,7,,0.491479271318702,0.06329755832305323,0.20952002068278097,0.9509165302914768,0.0,0.008410901701732457,0.0004231371221119483,0.0,,0.0
unet_resnet34_6ch,82-24,1529,642911577,0.17433217078583851,0.20908877949396062,0.7190701669383689,8,,0.43007892457540137,0.023263996532882903,0.023953948661396413,0.9018910953477433,0.0,0.01370451350929252,0.0,0.0017648876599916838,,0.0
unet_resnet34_6ch,83-25,3630,2887492462,0.22101603561532876,0.2726434064907666,0.9430362336301746,6,,0.15494432125024513,0.023191217291806874,0.022067307241992243,0.9447487809972199,0.0,0.1798712023098036,0.0,0.0012733846009046568,,0.0
unet_resnet34_6ch,83-26,1228,946025258,0.3565322030585177,0.40199421195591994,0.9431110770617501,3,,0.08444616189650529,0.0,0.04115087429569795,0.9439995729833498,,0.0,0.0,0.0,,0.0
unet_resnet34_6ch,83-31,1020,836776918,0.9996964364162827,0.9998481951669318,0.9996964364162827,1,,0.0,0.0,0.0,0.9996964364162827,,,0.0,,,0.0
unet_resnet34_6ch,83-34,10,1067196,0.31920089172672794,0.447059928857218,0.40279011540523013,2,,0.0,0.0,0.11593028868827991,0.522471494765176,,,,0.0,,0.0
unet_resnet34_6ch,84-40,5269,2226168062,0.17939278653073634,0.23791615334133642,0.7645822020601785,9,,0.4012525232056736,0.12352042368407842,0.17568283502721427,0.842506912135689,0.0,0.06427970683647723,3.3912684108771195e-05,0.0,,0.007258765203385958
unet_resnet34_6ch,84-41,343,181155748,0.41267008873116645,0.48193481230909346,0.8222519828628347,5,,0.8132382349626259,0.0019234687640083132,0.007866590367172292,0.8193397067395416,0.0,0.0,0.0,0.0,,0.42098244282248426
unet_resnet34_6ch,85-45,401,50907628,0.7779953914882175,0.8664595178416196,0.9290142530309996,3,,0.0,0.0,0.5679579407769869,0.8459536148773367,,0.0,,0.0,,0.9200746188103287
unet_resnet34_6ch,85-48,150,21881576,0.935841539300216,0.9667970606808295,0.9715844964731973,3,,0.0,0.0,0.9150206879821019,0.9478160279938069,,0.0,,,,0.9446879019247392
unet_resnet34_6ch_corrected,82-11,1441,1271017403,0.6045836199083393,0.676731325665276,0.9908929327224956,2,,0.0,0.0,0.21792266793684303,0.9912445718798356,,,,,,0.0
unet_resnet34_6ch_corrected,82-13,1043,863989206,0.37985114144952514,0.44463804725555434,0.9530012126100567,4,,0.45629855666716723,0.0,0.09033328479795232,0.9727727243329811,,0.0,0.0,,,0.0
unet_resnet34_6ch_corrected,82-16,378,306829357,0.5041950859770445,0.5309231113825401,0.9676970642675499,2,,0.0,0.0,0.040737457602269246,0.9676527143518198,,,,0.0,,
unet_resnet34_6ch_corrected,82-19,591,433222749,0.14190374069005862,0.16732809743210109,0.851636401485463,8,,0.04797640917297063,0.0006730378508540898,0.11038016701094183,0.9339636616689754,0.0,0.04223664981672696,0.0,0.0,,0.0
unet_resnet34_6ch_corrected,82-20,608,316377560,0.2280259846131853,0.29035872519900835,0.7856268662037851,8,,0.5509817016048376,0.14741838876709495,0.22495810269295602,0.8716955139194897,0.0,0.028962845204277537,0.00019132471682649176,0.0,,0.0
unet_resnet34_6ch_corrected,82-21,313,194724135,0.2733097604914808,0.34547472069456997,0.859635463267047,8,,0.6276461317632688,0.14297738858837686,0.2435313620621252,0.9341061396269021,0.0,0.23821706189117386,0.0,0.0,,0.0
unet_resnet34_6ch_corrected,82-22,1360,1014086946,0.20652818490990124,0.2549135186739092,0.904495263071851,7,,0.3077951328965871,0.02150022108332369,0.1699594517266891,0.9405854214937807,0.0,0.004622647200772201,0.0012344199681559827,0.0,,0.0
unet_resnet34_6ch_corrected,82-24,1529,642911577,0.14232369875293727,0.17485285254961402,0.6476227912131687,8,,0.16770507976379762,0.0267317030194334,0.021379200465347276,0.8804387734709831,0.0,0.0,0.0,0.04233483330393683,,0.0
unet_resnet34_6ch_corrected,83-25,3630,2887492462,0.2088841625835527,0.2630041636720862,0.8754210472463564,6,,0.1733180409269112,0.009268811795643017,0.005852368797159001,0.8766711802332753,0.0,0.18553064433023742,0.0,0.0026639294180902805,,0.0
unet_resnet34_6ch_corrected,83-26,1228,946025258,0.41031148780675925,0.472629188684913,0.9726491710647328,3,,0.22343054218257977,0.0,0.03421886942300218,0.9732850518146958,,0.0,0.0,0.0,,0.0
unet_resnet34_6ch_corrected,83-31,1020,836776918,0.9996712421266859,0.9998355940384658,0.9996712421266859,1,,0.0,0.0,0.0,0.9996712421266859,,0.0,,,,0.0
unet_resnet34_6ch_corrected,83-34,10,1067196,0.4018021735795771,0.5641599092364235,0.52049482944089,2,,0.0,0.0,0.2901725027603771,0.5134318443987771,,,,,,
unet_resnet34_6ch_corrected,84-40,5269,2226168062,0.17337081581833672,0.22347141128550976,0.7697960087795025,9,,0.45664966659079004,0.10312809040857682,0.08673137731630287,0.8538185210552113,0.0,0.028806665887447774,0.0,9.822372501766573e-07,,0.031202038869451474
unet_resnet34_6ch_corrected,84-41,343,181155748,0.48380954064996146,0.5621937943085346,0.9802059165133419,5,,0.7893967458313186,0.005450358050015922,0.1600441379596166,0.9810968263791736,0.0,0.0,0.0,0.0,,0.4830596350296825
unet_resnet34_6ch_corrected,85-45,401,50907628,0.5793705596022448,0.7183862814593658,0.627170961491272,3,,0.0,0.0,0.4933163918091525,0.827526368116686,0.0,0.0,0.0,0.0,,0.4172689188808957
unet_resnet34_6ch_corrected,85-48,150,21881576,0.9435924327377982,0.9709756035228562,0.9713691097935542,3,,0.0,,0.9418226298381667,0.9474906490911084,,0.0,,,,0.9414640192841199
unet_resnet34_6ch_unw,82-11,1441,1271017403,0.6177246311061368,0.6939058160764776,0.9911380552513175,2,,0.0,0.0,0.24377472384001145,0.9916745383722622,,,,,,
unet_resnet34_6ch_unw,82-13,1043,863989206,0.42506555868488105,0.48255699483628145,0.9648112710334023,4,,0.622622816116854,0.0,0.09134638105688452,0.9847491099637515,0.0,,0.0015439276020340388,0.0,,0.0
unet_resnet34_6ch_unw,82-16,378,306829357,0.5375670541366634,0.5788999414495759,0.9850279971743382,2,,0.0,0.0,0.09012833865171496,0.9850057696216119,,,,0.0,,
unet_resnet34_6ch_unw,82-19,591,433222749,0.18110207846317392,0.22309310521981157,0.8752005703190808,8,,0.35701043435732266,0.02679543235229234,0.1392217310631892,0.9254463043623947,,0.0,0.0,0.000342725570192425,,0.0
unet_resnet34_6ch_unw,82-20,608,316377560,0.2483197416797924,0.31571771798879406,0.800724103188608,8,,0.5674836207684425,0.17836743895256224,0.2951001370695964,0.8935499493425972,0.0,0.0,0.0004174493842621582,0.0021404577767361924,,0.04949888014414234
unet_resnet34_6ch_unw,82-21,313,194724135,0.2671760496343422,0.3248860722207426,0.8800471138310616,8,,0.6792265688483001,0.22291422771909855,0.2777267747153906,0.9489576980687084,,0.0,0.0,0.0,,0.008583127723240064
unet_resnet34_6ch_unw,82-22,1360,1014086946,0.2303448742577478,0.2871950134299158,0.9113108384298243,7,,0.3888483817885982,0.08352684220116863,0.19197763044609456,0.9475334541804847,0.0,0.0,0.000527811187888442,0.0,,0.0
unet_resnet34_6ch_unw,82-24,1529,642911577,0.1887883267618955,0.2342369455712617,0.7306821619110462,8,,0.42477747192366083,0.09001952431974261,0.022703868606915083,0.9124566733551952,0.0,0.0,0.0,0.06034907588965009,,0.0
unet_resnet34_6ch_unw,83-25,3630,2887492462,0.18730607128122304,0.21495020492047745,0.949485236093406,6,,0.12731782946591044,0.02133827380713527,0.023841541812249303,0.9510650638165125,,0.0,0.0,0.00027371878553080387,,0.0
unet_resnet34_6ch_unw,83-26,1228,946025258,0.3770177320990753,0.4288574421577888,0.9575262809737792,3,,0.14254412457960014,0.0,0.029988484968965706,0.95852058674866,,,0.0,0.0,,0.0
unet_resnet34_6ch_unw,83-31,1020,836776918,0.9995783463998466,0.9997891287426108,0.9995783463998466,1,,0.0,0.0,0.0,0.9995783463998466,,,0.0,,,0.0
unet_resnet34_6ch_unw,83-34,10,1067196,0.37979076709024906,0.5375480146829632,0.49330113681085763,2,,0.0,0.0,0.24991677255047745,0.5096647616300206,,,,0.0,,
unet_resnet34_6ch_unw,84-40,5269,2226168062,0.1772178573772475,0.22880340964924228,0.7720943392997074,9,,0.4517248757684649,0.12232624920054275,0.139281559645093,0.8545193602693976,0.0,0.0,0.0006661542455889337,0.0,,0.026442517266140296
unet_resnet34_6ch_unw,84-41,343,181155748,0.3123290676381948,0.3722110629871353,0.7993641195420418,5,,0.6752349083267681,0.0023665492255534135,0.007038508979172158,0.796061843088113,0.0,,0.0,0.0,,0.0809435285713671
unet_resnet34_6ch_unw,85-45,401,50907628,0.7331890264667758,0.8336719133982214,0.8974199505032919,3,,0.0,0.0,0.49542363587938126,0.7982267371264606,,,0.0,0.0,,0.9059167063944852
unet_resnet34_6ch_unw,85-48,150,21881576,0.9590386453951057,0.9790735274581926,0.976936167669093,3,,0.0,0.0,0.9695830907868433,0.9577364928145629,,,,,,0.9497963525839109
unet_resnet34_rgb,82-11,1441,1271017403,0.5928228654226834,0.6605644030949067,0.9906006243724107,2,,0.0,0.0,0.1944067911277465,0.9912389397176202,,,,,,
unet_resnet34_rgb,82-13,1043,863989206,0.45089477356706464,0.5097608002034588,0.9664811425896448,4,,0.6913751579956482,0.0,0.11007285875711269,0.9870502232248655,0.0,0.0,0.015080854290632233,0.0,,0.0
unet_resnet34_rgb,82-16,378,306829357,0.7108843588821523,0.7971597196270249,0.9979042292227598,2,,0.0,0.0,0.42385722483905974,0.9979114929252447,,0.0,0.0,0.0,,
unet_resnet34_rgb,82-19,591,433222749,0.21823804113764647,0.273990892532157,0.8861924400004211,8,,0.5401257335926782,0.02598073703432168,0.1465177134943884,0.8983038255703468,0.0,0.13494763651569003,0.0,0.0,,2.8682893746334398e-05
unet_resnet34_rgb,82-20,608,316377560,0.2560315919853103,0.3397738283343081,0.7784764665357429,8,,0.5010202037354499,0.21468795475290536,0.2902787012922728,0.8703640846540336,0.0,0.09472302410397139,1.6732910399726917e-05,0.0005024658749826981,,0.07665956855846681
unet_resnet34_rgb,82-21,313,194724135,0.3022945240872239,0.3809117084391195,0.8753415902964469,8,,0.6911448596323185,0.2718994248845466,0.28357821971889724,0.9381015498869479,,0.21164000621214474,0.0,0.0009227950893630208,,0.021069337273573033
unet_resnet34_rgb,82-22,1360,1014086946,0.27503812094732183,0.3544676144451146,0.9175571667402176,7,,0.4371619008266782,0.2392486983128217,0.19283382475864233,0.9525375635275151,0.0,0.10288422929554843,1.8021200139844513e-06,0.0005988277900331092,,0.0
unet_resnet34_rgb,82-24,1529,642911577,0.2181054519599403,0.2728007120305057,0.8074083522064186,8,,0.5539369246278084,0.17593240836167168,0.0500103082718822,0.8959753383561467,0.0031839286177469976,0.0,6.372490574880876e-05,0.06574098253851751,,0.0
unet_resnet34_rgb,83-25,3630,2887492462,0.20100611410249478,0.25225048540893436,0.8568348584662037,6,,0.07534188281633075,0.0202264287333966,0.008437492920496358,0.8577382755936729,0.0,0.24300231642510345,0.0,0.0012902881259685736,,0.0
unet_resnet34_rgb,83-26,1228,946025258,0.40889508190846846,0.47269114266897855,0.9611977844253288,3,,0.23603087742070702,0.0,0.028516965454490124,0.9621374028502082,0.0,0.0,0.0,0.0,,0.0
unet_resnet34_rgb,83-31,1020,836776918,0.9986472822377732,0.9993231833479331,0.9986472822377732,1,,0.0,0.0,0.0,0.9986472822377732,,,0.0,,,0.0
unet_resnet34_rgb,83-34,10,1067196,0.5032615938132381,0.6694789992456776,0.6565391924257588,2,,0.0,0.0,0.49156351086673067,0.5149596767597454,,,,,,
unet_resnet34_rgb,84-40,5269,2226168062,0.23980161157840182,0.31353972365309946,0.8233152282102949,9,,0.5572759555270104,0.15960606824745363,0.2917305205235629,0.9189082790830391,0.0,0.06736482753984514,0.03540198983204468,0.0,,0.12792686345266102
unet_resnet34_rgb,84-41,343,181155748,0.3688507070796371,0.4075596843563731,0.9375461605557225,5,,0.8166864044261213,0.00363071141064158,0.030255111050929887,0.9386028929108384,0.0,0.0,0.0,0.0,,0.05507841559965404
unet_resnet34_rgb,85-45,401,50907628,0.8233412946956277,0.900618155650629,0.9324940655258972,3,,0.0,0.0,0.7053548121652135,0.8582384853650445,,0.0,0.0,0.0,,0.906430586556625
unet_resnet34_rgb,85-48,150,21881576,0.9514370709851727,0.9751118757064466,0.9751873448237914,3,,0.0,0.0,0.9516742625820331,0.9549681266151037,,0.0,,,,0.9476688237583812
unet_resnet34_rgb_unw,82-11,1441,1271017403,0.5763125581180517,0.6368025697395477,0.9902499076954023,2,,0.0,0.0,0.16147309129718357,0.9911520249389197,,,,0.0,,
unet_resnet34_rgb_unw,82-13,1043,863989206,0.4294037071927198,0.49031663709941276,0.9635781491464606,4,,0.6217675445573515,0.0,0.11087794692341225,0.9833310356067219,0.0,,0.0016383016833935327,0.0,,0.0
unet_resnet34_rgb_unw,82-16,378,306829357,0.6184740929846858,0.6925863726569952,0.9974397169564189,2,,0.0,0.0,0.23950516520179996,0.9974430207675716,,,,0.0,,
unet_resnet34_rgb_unw,82-19,591,433222749,0.20270212834031825,0.2471916048125798,0.8851148973250248,8,,0.5285480762325552,0.02733635234675819,0.16686226211964766,0.8988687567234614,0.0,0.0,0.0,0.0,,1.5793001234707025e-06
unet_resnet34_rgb_unw,82-20,608,316377560,0.2565500246757965,0.3233182293632551,0.8086811656300782,8,,0.5946964367013643,0.23821339402044459,0.3059125318869697,0.8904517401141727,0.0,0.0,3.0363948569753317e-05,0.0020719391835074246,,0.021023791551343343
unet_resnet34_rgb_unw,82-21,313,194724135,0.28027804174448545,0.34064492919069245,0.8799426121471794,8,,0.6962777200406659,0.30761198139029167,0.2889659973258089,0.9415957494319445,0.0,0.0,0.0,0.00011046401021178406,,0.007662421756960932
unet_resnet34_rgb_unw,82-22,1360,1014086946,0.25514140574574745,0.31850803373512526,0.919105195739301,7,,0.46980462699818365,0.19394205873652284,0.16896041065400197,0.9531175728209808,0.0,0.0,4.913703089490817e-06,0.00016025730745329445,,0.0
unet_resnet34_rgb_unw,82-24,1529,642911577,0.20983169382457442,0.26010868412942784,0.8026629204718769,8,,0.5472842890278244,0.11742368383351423,0.04603895802575294,0.900997822952237,0.00913898535006871,0.0,0.0,0.057769811407197995,,0.0
unet_resnet34_rgb_unw,83-25,3630,2887492462,0.16338080917575792,0.1902053800659367,0.868660203969045,6,,0.06091615782894488,0.04079489761543394,0.008737956039343171,0.8696315286275319,0.0,0.0,0.0,0.00020431494329365858,,0.0
unet_resnet34_rgb_unw,83-26,1228,946025258,0.4745243206747574,0.5486466830276581,0.9840661125350207,3,,0.3901444329055217,0.0,0.04828607390982779,0.9851424552089227,0.0,,0.0,0.0,,0.0
unet_resnet34_rgb_unw,83-31,1020,836776918,0.9990970807347246,0.9995483364595062,0.9990970807347246,1,,0.0,0.0,0.0,0.9990970807347246,,,0.0,,,
unet_resnet34_rgb_unw,83-34,10,1067196,0.42835141257505327,0.5971683991748755,0.5721713724564185,2,,0.0,0.0,0.3666710129890306,0.49003181216107594,,,,,,
unet_resnet34_rgb_unw,84-40,5269,2226168062,0.22222238649398632,0.28131724432861865,0.8269203724655717,9,,0.573743714149231,0.16005940844911132,0.28138842091698474,0.9172310866099932,0.0,0.0,0.03300645632628969,0.0,,0.034572391994266996
unet_resnet34_rgb_unw,84-41,343,181155748,0.35609592183103206,0.40194989003493997,0.8750158399610924,5,,0.8068457155862246,0.00019418806542995521,0.011959671124974236,0.8749115887153193,,,0.0,0.0,,0.08656844566321226
unet_resnet34_rgb_unw,85-45,401,50907628,0.772573191958296,0.8658345451330759,0.9055949336315572,3,,0.0,0.0,0.5994588071148129,0.829958739321422,,,0.0,0.0,,0.8883020294386533
unet_resnet34_rgb_unw,85-48,150,21881576,0.9567813196829179,0.9778875110560836,0.9753754482766689,3,,0.0,,0.9695483190336103,0.9552248344337564,,,,,,0.9455708055813873
