mode,tile,cell,item_id,fold,stratum,panel
m1_speckle,O2021_84_40_1_0039_00062715_6000_0.tif,convnext_upernet_rgb,0060,0,complement,exemplar_m1_speckle.png
m2_boundary_bleed,O2021_84_40_1_0038_00060852_0_5000.tif,convnext_upernet_rgb,0147,0,weak_present,exemplar_m2_boundary_bleed.png
m3_spurious_patch,O2021_84_40_1_0047_00073810_3000_2000.tif,convnext_upernet_rgb,0142,0,weak_present,exemplar_m3_spurious_patch.png
m4_paved_swap,O2021_84_40_1_0047_00073810_3000_2000.tif,convnext_upernet_rgb,0142,0,weak_present,exemplar_m4_paved_swap.png
m5_road_continuation,O2021_84_40_1_0038_00060852_0_5000.tif,convnext_upernet_rgb,0147,0,weak_present,exemplar_m5_road_continuation.png
m6_veg_occlusion,O2021_84_40_1_0037_00084312_5000_2000.tif,convnext_upernet_rgb,0125,0,weak_present,exemplar_m6_veg_occlusion.png
m7_misregistration,,,,,,
m8_large_object,O2021_84_40_1_0038_00060852_4000_2000.tif,convnext_upernet_rgb,0095,0,weak_present,exemplar_m8_large_object.png
m9_other,O2021_84_40_1_0047_00073815_7000_3000.tif,convnext_upernet_rgb,0002,0,weak_present,exemplar_m9_other.png
